fight_id,fighter_1,fighter_1_id,fighter_2,fighter_2_id,winner,decision_method,fight_duration_lastrnd,fight_duration_lastrnd_time,time_format,weight_class,date,location
ebe122e962d26fa4,Rodrigo Nascimento,d31a5546c0e9b213,Don'Tale Mayes,1a9480fc288e55d7,Rodrigo Nascimento,Submission,2,2:05,3 Rnd (5-5-5),Heavyweight Bout,"May 16, 2020","Jacksonville, Florida, USA"
2300ad7f87080ad7,Chris Gutierrez,45f0cc9d18f35137,Vince Morales,37098a6e6c27fb66,Chris Gutierrez,KO/TKO,2,4:27,3 Rnd (5-5-5),Featherweight Bout,"May 30, 2020","Las Vegas, Nevada, USA"
20ba608a6e717f05,Evan Dunham,e5c9de15bb58b1c6,Herbert Burns,4f140403000158b5,Herbert Burns,Submission,1,1:20,3 Rnd (5-5-5),Catch Weight Bout,"June 06, 2020","Las Vegas, Nevada, USA"
58e72b1a38880ba9,Anthony Ivy,3c5005b66696d790,Christian Aguilera,ae071698e1a3ccd4,Christian Aguilera,KO/TKO,1,0:59,3 Rnd (5-5-5),Welterweight Bout,"June 13, 2020","Las Vegas, Nevada, USA"
d333a6c34ff16397,Austin Hubbard,d2cd7a69cc55e7ed,Max Rohskopf,59a27d2e6d0802ac,Austin Hubbard,TKO - Doctor's Stoppage,2,5:00,3 Rnd (5-5-5),Lightweight Bout,"June 20, 2020","Las Vegas, Nevada, USA"
0f369d09416b9e34,Jordan Griffin,ebef46976554f975,Youssef Zalal,52c2ae6d2f2d2613,Youssef Zalal,Decision - Unanimous,3,5:00,3 Rnd (5-5-5),Featherweight Bout,"June 27, 2020","Las Vegas, Nevada, USA"
5d6fb4acfe5cc8a1,Martin Day,ea3dcc417c322064,Davey Grant,113df4fde64735c6,Davey Grant,KO/TKO,3,2:38,3 Rnd (5-5-5),Bantamweight Bout,"July 11, 2020","Abu Dhabi, Abu Dhabi, United Arab Emirates"
f3c42ce9fad55eb7,Jack Shore,b8a85389d115e35a,Aaron Phillips,34c2b3656f88f7ef,Jack Shore,Submission,2,2:29,3 Rnd (5-5-5),Bantamweight Bout,"July 15, 2020","Abu Dhabi, Abu Dhabi, United Arab Emirates"
147e31abbe3927d0,Carlos Felipe,a2ea77e974c5889f,Serghei Spivac,e2f6b2769aaedd6c,Serghei Spivac,Decision - Majority,3,5:00,3 Rnd (5-5-5),Heavyweight Bout,"July 18, 2020","Abu Dhabi, Abu Dhabi, United Arab Emirates"
67db05bac9165722,Nathaniel Wood,329e403448756217,John Castaneda,5fa2974cbd18e05c,Nathaniel Wood,Decision - Unanimous,3,5:00,3 Rnd (5-5-5),Bantamweight Bout,"July 25, 2020","Abu Dhabi, Abu Dhabi, United Arab Emirates"
dcf161082c849205,Chris Gutierrez,45f0cc9d18f35137,Cody Durden,7f6ed67d3ed3c036,Draw,Decision - Unanimous,3,5:00,3 Rnd (5-5-5),Bantamweight Bout,"August 01, 2020","Las Vegas, Nevada, USA"
15aa55a91cf848cf,Heili Alateng,1897b7b913736a7c,Ryan Benoit,20999e27ddd94bda,Heili Alateng,Decision - Split,3,5:00,3 Rnd (5-5-5),Bantamweight Bout,"December 21, 2019","Busan, South Korea"
96fe84d051847591,Sabina Mazo,70d2329a92864fdb,JJ Aldrich,6fd953151d981979,Sabina Mazo,Decision - Split,3,5:00,3 Rnd (5-5-5),Women's Flyweight Bout,"January 18, 2020","Las Vegas, Nevada, USA"
901dbd1e6463c4ba,Herbert Burns,4f140403000158b5,Nate Landwehr,583ee11abddfc581,Herbert Burns,KO/TKO,1,2:43,3 Rnd (5-5-5),Featherweight Bout,"January 25, 2020","Raleigh, North Carolina, USA"
a6441acec6718f03,Austin Lingo,305d73ede05e31ad,Youssef Zalal,52c2ae6d2f2d2613,Youssef Zalal,Decision - Unanimous,3,5:00,3 Rnd (5-5-5),Featherweight Bout,"February 08, 2020","Houston, Texas, USA"
4af9088a165c7751,Nik Lentz,6fb1ba67bef41b37,Eiji Mitsuoka,2b4faacc16d66898,Nik Lentz,KO/TKO,1,3:45,3 Rnd (5-5-5),Featherweight Bout,"August 11, 2012","Denver, Colorado, USA"
567a09fd200cfa05,Gerard Gordeau,279093302a6f44b3,Teila Tuli,96eff1a628adcc7f,Gerard Gordeau,KO/TKO,1,0:26,No Time Limit,Open Weight Bout,"November 12, 1993","Denver, Colorado, USA"
2d2bbc86e941e05c,Kevin Rosier,598a58db87b890ee,Zane Frazier,d3711d3784b76255,Kevin Rosier,KO/TKO,1,4:20,No Time Limit,Open Weight Bout,"November 12, 1993","Denver, Colorado, USA"
cecdc0da584274b9,Royce Gracie,429e7d3725852ce9,Art Jimmerson,a5c53b3ddb31cc7d,Royce Gracie,Submission,1,2:18,No Time Limit,Open Weight Bout,"November 12, 1993","Denver, Colorado, USA"
46acd54cc0c905fb,Ken Shamrock,63b65af1c5cb02cb,Patrick Smith,46c8ec317aff28ac,Ken Shamrock,Submission,1,1:49,No Time Limit,Open Weight Bout,"November 12, 1993","Denver, Colorado, USA"
ac7ca2ec38b96c1a,Gerard Gordeau,279093302a6f44b3,Kevin Rosier,598a58db87b890ee,Gerard Gordeau,KO/TKO,1,0:59,No Time Limit,Open Weight Bout,"November 12, 1993","Denver, Colorado, USA"
ffd16691c4c4aafc,Royce Gracie,429e7d3725852ce9,Ken Shamrock,63b65af1c5cb02cb,Royce Gracie,Submission,1,0:57,No Time Limit,Open Weight Bout,"November 12, 1993","Denver, Colorado, USA"
00b0796724ec1c09,Jason DeLucia,6ceff86fae4f6b3b,Trent Jenkins,02fc8f50f56eb307,Jason DeLucia,Submission,1,0:52,No Time Limit,Open Weight Bout,"November 12, 1993","Denver, Colorado, USA"
64139d1d505e46c5,Royce Gracie,429e7d3725852ce9,Gerard Gordeau,279093302a6f44b3,Royce Gracie,Submission,1,1:44,No Time Limit,UFC 1 Tournament Title Bout,"November 12, 1993","Denver, Colorado, USA"
be6d6abb11ef8297,Dustin Pague,55f80a8aeffcdb33,Chico Camus,32be4b7f7de1c905,Chico Camus,Decision - Unanimous,3,5:00,3 Rnd (5-5-5),Bantamweight Bout,"August 11, 2012","Denver, Colorado, USA"
19da5aa17c896a1a,Ken Stone,fbf0947399d14323,Erik Perez,af62f99eb7606308,Erik Perez,KO/TKO,1,0:17,3 Rnd (5-5-5),Bantamweight Bout,"August 11, 2012","Denver, Colorado, USA"
9360a34eb511a9b4,Jared Hamman,23459ee7e373b98f,Michael Kuiper,b7f38813485745da,Michael Kuiper,KO/TKO,2,2:16,3 Rnd (5-5-5),Middleweight Bout,"August 11, 2012","Denver, Colorado, USA"
0c58b5f37bfeb65a,Dennis Bermudez,6f242453c91a5af0,Tommy Hayden,0871254cd790c250,Dennis Bermudez,Submission,1,4:43,3 Rnd (5-5-5),Featherweight Bout,"August 11, 2012","Denver, Colorado, USA"
42f11b82d67585af,Justin Lawrence,879f6cae48d25baa,Max Holloway,150ff4cc642270b9,Max Holloway,KO/TKO,2,4:49,3 Rnd (5-5-5),Featherweight Bout,"August 11, 2012","Denver, Colorado, USA"
f0d5e2c27c9fd2c1,Yushin Okami,acff437707625fc7,Buddy Roberts,b2a2da86546ddb19,Yushin Okami,KO/TKO,2,3:05,3 Rnd (5-5-5),Middleweight Bout,"August 11, 2012","Denver, Colorado, USA"
c47cf097227cc6a0,Jake Shields,fe435e440b5de0ff,Ed Herman,06f36cf4bd97ec77,NC,Overturned,3,5:00,3 Rnd (5-5-5),Middleweight Bout,"August 11, 2012","Denver, Colorado, USA"
7c07a71fa1882bf4,Donald Cerrone,1d00756835ca67c9,Melvin Guillard,ccd1299e0345e0ce,Donald Cerrone,KO/TKO,1,1:16,3 Rnd (5-5-5),Lightweight Bout,"August 11, 2012","Denver, Colorado, USA"
7ddf71a85fbb0e4c,Benson Henderson,2676b28836a5a836,Frankie Edgar,f2688492b9a525a3,Benson Henderson,Decision - Split,5,5:00,5 Rnd (5-5-5-5-5),UFC Lightweight Title Bout,"August 11, 2012","Denver, Colorado, USA"
326b843cb2b7fd94,Andre Ewell,5f6f049d54728e88,Jonathan Martinez,f2477cf43c4975cc,Andre Ewell,Decision - Split,3,5:00,3 Rnd (5-5-5),Bantamweight Bout,"February 08, 2020","Houston, Texas, USA"
5ab2a4fec735e0b2,Domingo Pilarte,4bf6b225ff6099c4,Journey Newson,78f485f851891d68,NC,Overturned,1,0:38,3 Rnd (5-5-5),Bantamweight Bout,"February 08, 2020","Houston, Texas, USA"
d3f44fedc561d2d5,Miles Johns,46e0d677f91bacc0,Mario Bautista,bc711b6dd95c1af6,Mario Bautista,KO/TKO,2,1:41,3 Rnd (5-5-5),Bantamweight Bout,"February 08, 2020","Houston, Texas, USA"
ed499508be1e5532,Alex Morono,cdb96af67d096b1e,Khaos Williams,2558ae2e5671e318,Khaos Williams,KO/TKO,1,0:27,3 Rnd (5-5-5),Welterweight Bout,"February 08, 2020","Houston, Texas, USA"
cb56e868deaddac4,Lauren Murphy,729d4bd5a6cd0a97,Andrea Lee,05fa626cb33d15b8,Lauren Murphy,Decision - Split,3,5:00,3 Rnd (5-5-5),Women's Flyweight Bout,"February 08, 2020","Houston, Texas, USA"
11f7bac5037a184c,Trevin Giles,b27a1fcb56a3035a,James Krause,8f6a18831a120817,Trevin Giles,Decision - Split,3,5:00,3 Rnd (5-5-5),Middleweight Bout,"February 08, 2020","Houston, Texas, USA"
cefb47bcc04f540e,Derrick Lewis,d3df1add9d9a7efb,Ilir Latifi,e9a3aeb207578eea,Derrick Lewis,Decision - Unanimous,3,5:00,3 Rnd (5-5-5),Heavyweight Bout,"February 08, 2020","Houston, Texas, USA"
be822403f364fff3,Mirsad Bektic,cbd3e590a85b18c5,Dan Ige,82a5152216251682,Dan Ige,Decision - Split,3,5:00,3 Rnd (5-5-5),Featherweight Bout,"February 08, 2020","Houston, Texas, USA"
57961c6adebfb13d,Juan Adams,83b00f7597e5ac83,Justin Tafa,e13abac8089a801a,Justin Tafa,KO/TKO,1,1:59,3 Rnd (5-5-5),Heavyweight Bout,"February 08, 2020","Houston, Texas, USA"
fae99a4089f8abb0,Jon Jones,07f72a2a7591b409,Dominick Reyes,2e19380f34871c6a,Jon Jones,Decision - Unanimous,5,5:00,5 Rnd (5-5-5-5-5),UFC Light Heavyweight Title Bout,"February 08, 2020","Houston, Texas, USA"
05cceae674c81b86,Valentina Shevchenko,132deb59abae64b1,Katlyn Chookagian,e872e9a9a902c045,Valentina Shevchenko,KO/TKO,3,1:03,5 Rnd (5-5-5-5-5),UFC Women's Flyweight Title Bout,"February 08, 2020","Houston, Texas, USA"
918c2efc59c1952e,Brett Johns,ec52462a1b41f714,Tony Gravely,601964f9654f911a,Brett Johns,Submission,3,2:53,3 Rnd (5-5-5),Bantamweight Bout,"January 25, 2020","Raleigh, North Carolina, USA"
79161bde28636128,Sara McMann,7be74a12d7352df2,Lina Lansberg,2eeaefbfc7f9fcff,Sara McMann,Decision - Unanimous,3,5:00,3 Rnd (5-5-5),Women's Bantamweight Bout,"January 25, 2020","Raleigh, North Carolina, USA"
737e2781e4a7db5c,Montel Jackson,cc1a8b4b38b92c6d,Felipe Colares,dbac0a413af64bbe,Montel Jackson,Decision - Unanimous,3,5:00,3 Rnd (5-5-5),Bantamweight Bout,"January 25, 2020","Raleigh, North Carolina, USA"
151c2bd6dfefb4b5,Justine Kish,928ae2e5b5f7a9ec,Lucie Pudilova,3cf66c62d9069f43,Justine Kish,Decision - Unanimous,3,5:00,3 Rnd (5-5-5),Women's Flyweight Bout,"January 25, 2020","Raleigh, North Carolina, USA"
ed94cdc0f2b97e15,Arnold Allen,040a74bb0a465c54,Nik Lentz,6fb1ba67bef41b37,Arnold Allen,Decision - Unanimous,3,5:00,3 Rnd (5-5-5),Featherweight Bout,"January 25, 2020","Raleigh, North Carolina, USA"
3fd3b871e83434c5,Bevon Lewis,899923ff6ab13917,Dequan Townsend,3f7dab21b6c971bc,Bevon Lewis,Decision - Unanimous,3,5:00,3 Rnd (5-5-5),Middleweight Bout,"January 25, 2020","Raleigh, North Carolina, USA"
6195d3e7c412c8a2,Jamahal Hill,5444c5a201d3ee5a,Darko Stosic,025f0b1b58fbad01,Jamahal Hill,Decision - Unanimous,3,5:00,3 Rnd (5-5-5),Light Heavyweight Bout,"January 25, 2020","Raleigh, North Carolina, USA"
b88b170a7fe40544,Hannah Cifers,2244d9a2b64b8c3b,Angela Hill,f0feeb2192937424,Angela Hill,KO/TKO,2,4:26,3 Rnd (5-5-5),Women's Strawweight Bout,"January 25, 2020","Raleigh, North Carolina, USA"
7dcd5d8a44a284e5,Jordan Espinosa,215a70f073a7b726,Alex Perez,ab2b4ff41d6ebe0f,Alex Perez,Submission,1,2:33,3 Rnd (5-5-5),Flyweight Bout,"January 25, 2020","Raleigh, North Carolina, USA"
2ef54419defb2364,Rafael Dos Anjos,6a2f7c151031653d,Michael Chiesa,c58f51dedb310998,Michael Chiesa,Decision - Unanimous,3,5:00,3 Rnd (5-5-5),Welterweight Bout,"January 25, 2020","Raleigh, North Carolina, USA"
037d2f426c916ffc,Curtis Blaydes,fa6796c55d6c5440,Junior Dos Santos,63def5a5662a6917,Curtis Blaydes,KO/TKO,2,1:06,5 Rnd (5-5-5-5-5),Heavyweight Bout,"January 25, 2020","Raleigh, North Carolina, USA"
6087c50c5f95a677,Aleksa Camur,c2a670b22d2e196f,Justin Ledet,ba1e6cb3d43f7430,Aleksa Camur,Decision - Unanimous,3,5:00,3 Rnd (5-5-5),Light Heavyweight Bout,"January 18, 2020","Las Vegas, Nevada, USA"
63dd38f0dcc2ee88,Drew Dober,519e4fe37ce9ff75,Nasrat Haqparast,b7b84ccd221be298,Drew Dober,KO/TKO,1,1:10,3 Rnd (5-5-5),Lightweight Bout,"January 18, 2020","Las Vegas, Nevada, USA"
ff467a5f06a91a0f,Tim Elliott,c96d9178c9ed9e62,Askar Askarov,b1d19449397541dc,Askar Askarov,Decision - Unanimous,3,5:00,3 Rnd (5-5-5),Flyweight Bout,"January 18, 2020","Las Vegas, Nevada, USA"
5868c154789648f0,Andre Fili,8fd808923cffff82,Sodiq Yusuff,94426bb170c88115,Sodiq Yusuff,Decision - Unanimous,3,5:00,3 Rnd (5-5-5),Featherweight Bout,"January 18, 2020","Las Vegas, Nevada, USA"
760b5b16b4931a77,Roxanne Modafferi,4498b382c65a7faa,Maycee Barber,6a740daf1b279661,Roxanne Modafferi,Decision - Unanimous,3,5:00,3 Rnd (5-5-5),Women's Flyweight Bout,"January 18, 2020","Las Vegas, Nevada, USA"
32a8f38bd1d46e3e,Anthony Pettis,cbb682f5fcc44bfc,Diego Ferreira,f53d4f21d1b5f2dc,Diego Ferreira,Submission,2,1:46,3 Rnd (5-5-5),Lightweight Bout,"January 18, 2020","Las Vegas, Nevada, USA"
4eff0432bd364a23,Brian Kelleher,7be14eaed4c74856,Ode Osbourne,6d68c1afe954f121,Brian Kelleher,Submission,1,2:49,3 Rnd (5-5-5),Bantamweight Bout,"January 18, 2020","Las Vegas, Nevada, USA"
702759500d47a059,Aleksei Oleinik,98c23cb6da5b3352,Maurice Greene,068f8a189a47fea6,Aleksei Oleinik,Submission,2,4:38,3 Rnd (5-5-5),Heavyweight Bout,"January 18, 2020","Las Vegas, Nevada, USA"
36032308b7e86fd0,Holly Holm,634e2fb70bde3fd5,Raquel Pennington,fc169c387b4b465d,Holly Holm,Decision - Unanimous,3,5:00,3 Rnd (5-5-5),Women's Bantamweight Bout,"January 18, 2020","Las Vegas, Nevada, USA"
eed6c9aff2234b7a,Conor McGregor,f4c49976c75c5ab2,Donald Cerrone,1d00756835ca67c9,Conor McGregor,KO/TKO,1,0:40,5 Rnd (5-5-5-5-5),Welterweight Bout,"January 18, 2020","Las Vegas, Nevada, USA"
75523d31940c9344,Raoni Barcelos,b9f28e7045fdfce7,Said Nurmagomedov,0fd5f4b838e890cc,Raoni Barcelos,Decision - Unanimous,3,5:00,3 Rnd (5-5-5),Bantamweight Bout,"December 21, 2019","Busan, South Korea"
60e1b3ac3182f5b3,Miranda Granger,7559395ad833c074,Amanda Lemos,3df5493bb279226f,Amanda Lemos,Submission,1,3:43,3 Rnd (5-5-5),Women's Strawweight Bout,"December 21, 2019","Busan, South Korea"
5a5a65d8df176506,Alexandre Pantoja,a0f0004aadf10b71,Matt Schnell,67c1d46f4ed16f9e,Alexandre Pantoja,KO/TKO,1,4:17,3 Rnd (5-5-5),Flyweight Bout,"December 21, 2019","Busan, South Korea"
9140e6fdeaa7cd3f,Dong Hyun Ma,98a6b2361045898f,Omar Morales,a0e6753c42698f13,Omar Morales,Decision - Unanimous,3,5:00,3 Rnd (5-5-5),Lightweight Bout,"December 21, 2019","Busan, South Korea"
6ea23c2c30f85a89,SeungWoo Choi,a68575214ecad140,Suman Mokhtarian,192520689012c7e4,SeungWoo Choi,Decision - Unanimous,3,5:00,3 Rnd (5-5-5),Featherweight Bout,"December 21, 2019","Busan, South Korea"
3637e661b6854b49,Ciryl Gane,787bb1f087ccff8a,Tanner Boser,04c8b08b16a5b99e,Ciryl Gane,Decision - Unanimous,3,5:00,3 Rnd (5-5-5),Heavyweight Bout,"December 21, 2019","Busan, South Korea"
f93f794247af708a,Kyung Ho Kang,a7897d200692ab64,Liu Pingyuan,31bbd39c0a075d4e,Kyung Ho Kang,Decision - Split,3,5:00,3 Rnd (5-5-5),Bantamweight Bout,"December 21, 2019","Busan, South Korea"
b3bd27affa038e9c,Junyong Park,285ae0b4a68221f4,Marc-Andre Barriault,8e9eb3fc86db0f7d,Junyong Park,Decision - Unanimous,3,5:00,3 Rnd (5-5-5),Middleweight Bout,"December 21, 2019","Busan, South Korea"
47e49e04e32be7e9,Da-Un Jung,74f9448b97bf8bec,Mike Rodriguez,18b602842a24f7c5,Da-Un Jung,KO/TKO,1,1:04,3 Rnd (5-5-5),Light Heavyweight Bout,"December 21, 2019","Busan, South Korea"
997ab1ea9fab5643,Dooho Choi,e93b04e308913c2e,Charles Jourdain,f1d64ae34e088832,Charles Jourdain,KO/TKO,2,4:32,3 Rnd (5-5-5),Featherweight Bout,"December 21, 2019","Busan, South Korea"
2b8cae68963a40a9,Volkan Oezdemir,0845c81e37d3bcb3,Aleksandar Rakic,333b9e5c723ac873,Volkan Oezdemir,Decision - Split,3,5:00,3 Rnd (5-5-5),Light Heavyweight Bout,"December 21, 2019","Busan, South Korea"
06f37329b223b451,Frankie Edgar,f2688492b9a525a3,Chan Sung Jung,c451d67c09c55418,Chan Sung Jung,KO/TKO,1,3:18,5 Rnd (5-5-5-5-5),Featherweight Bout,"December 21, 2019","Busan, South Korea"
76b9a338597fc604,Jamall Emmers,e00a3dee329a51f7,Vince Cachero,ed2a8cc402173781,Jamall Emmers,Decision - Unanimous,3,5:00,3 Rnd (5-5-5),Featherweight Bout,"August 01, 2020","Las Vegas, Nevada, USA"
6ba9f6a7a9361354,Johnny Munoz,f6bcbd91b114ff58,Nate Maness,6e9f40c706f91f32,Nate Maness,Decision - Unanimous,3,5:00,3 Rnd (5-5-5),Featherweight Bout,"August 01, 2020","Las Vegas, Nevada, USA"
94b48b98d0292720,Frankie Saenz,9ba2226646046b63,Jonathan Martinez,f2477cf43c4975cc,Jonathan Martinez,KO/TKO,3,0:57,3 Rnd (5-5-5),Bantamweight Bout,"August 01, 2020","Las Vegas, Nevada, USA"
0b21755eb0897396,Lando Vannata,f9b200db02b488d9,Bobby Green,887961364be5ceb3,Bobby Green,Decision - Unanimous,3,5:00,3 Rnd (5-5-5),Lightweight Bout,"August 01, 2020","Las Vegas, Nevada, USA"
2fb1abeb337e0ccc,Vicente Luque,6d4b63c767106d3a,Randy Brown,c6aee362c7a7d482,Vicente Luque,KO/TKO,2,4:56,3 Rnd (5-5-5),Welterweight Bout,"August 01, 2020","Las Vegas, Nevada, USA"
5885445f39dac389,Joanne Calderwood,12f91bfa8f1f723b,Jennifer Maia,8e1f36476ef02a6a,Jennifer Maia,Submission,1,4:29,3 Rnd (5-5-5),Women's Flyweight Bout,"August 01, 2020","Las Vegas, Nevada, USA"
0b88d0c76f9cd7e4,Derek Brunson,b1a3e0aca758b322,Edmen Shahbazyan,4144798612ef96e5,Derek Brunson,KO/TKO,3,0:26,3 Rnd (5-5-5),Middleweight Bout,"August 01, 2020","Las Vegas, Nevada, USA"
87daaa6db4f6940c,Ramazan Emeev,abd5fb12437eda21,Niklas Stolze,62f7097c04311193,Ramazan Emeev,Decision - Unanimous,3,5:00,3 Rnd (5-5-5),Welterweight Bout,"July 25, 2020","Abu Dhabi, Abu Dhabi, United Arab Emirates"
54bbc7974df586a1,Bethe Correia,673ea7dcc786b1b3,Pannie Kianzad,91dac5e69e28d5b5,Pannie Kianzad,Decision - Unanimous,3,5:00,3 Rnd (5-5-5),Women's Bantamweight Bout,"July 25, 2020","Abu Dhabi, Abu Dhabi, United Arab Emirates"
88d3b6b833e31712,Tanner Boser,04c8b08b16a5b99e,Raphael Pessoa,41f90012b86a11bf,Tanner Boser,KO/TKO,2,2:36,3 Rnd (5-5-5),Heavyweight Bout,"July 25, 2020","Abu Dhabi, Abu Dhabi, United Arab Emirates"
32b0e450b11b32fe,Movsar Evloev,76e2870ffafbe38f,Mike Grundy,56fcb2c4d99f9d1b,Movsar Evloev,Decision - Unanimous,3,5:00,3 Rnd (5-5-5),Featherweight Bout,"July 25, 2020","Abu Dhabi, Abu Dhabi, United Arab Emirates"
6cfab1da57d260f4,Tom Aspinall,399afbabc02376b5,Jake Collier,92fa1401b7927da3,Tom Aspinall,KO/TKO,1,0:45,3 Rnd (5-5-5),Heavyweight Bout,"July 25, 2020","Abu Dhabi, Abu Dhabi, United Arab Emirates"
407e1c6850e7022c,Nicolas Dalby,9d19d9e4aa2662e8,Jesse Ronson,5580771f383e141f,Jesse Ronson,Submission,1,2:48,3 Rnd (5-5-5),Welterweight Bout,"July 25, 2020","Abu Dhabi, Abu Dhabi, United Arab Emirates"
3b209a2aee014ac2,Francisco Trinaldo,a8283a4f415e1eb9,Jai Herbert,4c88a1db5a46c6a4,Francisco Trinaldo,KO/TKO,3,1:30,3 Rnd (5-5-5),Lightweight Bout,"July 25, 2020","Abu Dhabi, Abu Dhabi, United Arab Emirates"
573d3a6984cbcd29,Khamzat Chimaev,767755fd74662dbf,Rhys McKee,f748267c4ab6c127,Khamzat Chimaev,KO/TKO,1,3:09,3 Rnd (5-5-5),Welterweight Bout,"July 25, 2020","Abu Dhabi, Abu Dhabi, United Arab Emirates"
58e07add007685f8,Alex Oliveira,57b10fca4f9c9a7a,Peter Sobotta,1fcfc3709fe58151,Alex Oliveira,Decision - Unanimous,3,5:00,3 Rnd (5-5-5),Welterweight Bout,"July 25, 2020","Abu Dhabi, Abu Dhabi, United Arab Emirates"
74dae3d87a99cf5d,Paul Craig,eabf206b162b3b83,Gadzhimurad Antigulov,af997f7611673880,Paul Craig,Submission,1,2:06,3 Rnd (5-5-5),Light Heavyweight Bout,"July 25, 2020","Abu Dhabi, Abu Dhabi, United Arab Emirates"
5632f2364016e879,Carla Esparza,d910665038efc639,Marina Rodriguez,cd2c4d30c6e13b47,Carla Esparza,Decision - Split,3,5:00,3 Rnd (5-5-5),Women's Strawweight Bout,"July 25, 2020","Abu Dhabi, Abu Dhabi, United Arab Emirates"
f786136e55007e17,Fabricio Werdum,492b202d2064e7a9,Alexander Gustafsson,3c6976f8182d9527,Fabricio Werdum,Submission,1,2:30,3 Rnd (5-5-5),Heavyweight Bout,"July 25, 2020","Abu Dhabi, Abu Dhabi, United Arab Emirates"
a3820f1eb82f2ba6,Mauricio Rua,140745cbbcb023ac,Rogerio Nogueira,73e09f837f3b5ecc,Mauricio Rua,Decision - Split,3,5:00,3 Rnd (5-5-5),Light Heavyweight Bout,"July 25, 2020","Abu Dhabi, Abu Dhabi, United Arab Emirates"
11f715fa5e825e51,Robert Whittaker,e1147d3d2dabe1ce,Darren Till,9ce6d5a03af801b7,Robert Whittaker,Decision - Unanimous,5,5:00,5 Rnd (5-5-5-5-5),Middleweight Bout,"July 25, 2020","Abu Dhabi, Abu Dhabi, United Arab Emirates"
ecb24300bb3bef8c,Davi Ramos,0052de90691d4a93,Arman Tsarukyan,eae48ff31db420c2,Arman Tsarukyan,Decision - Unanimous,3,5:00,3 Rnd (5-5-5),Lightweight Bout,"July 18, 2020","Abu Dhabi, Abu Dhabi, United Arab Emirates"
b9b0da84b243213f,Malcolm Gordon,dee294e9717012c2,Amir Albazi,6d35bf94f7d30241,Amir Albazi,Submission,1,4:42,3 Rnd (5-5-5),Bantamweight Bout,"July 18, 2020","Abu Dhabi, Abu Dhabi, United Arab Emirates"
b5f70d0c88f12645,Brett Johns,ec52462a1b41f714,Montel Jackson,cc1a8b4b38b92c6d,Brett Johns,Decision - Unanimous,3,5:00,3 Rnd (5-5-5),Bantamweight Bout,"July 18, 2020","Abu Dhabi, Abu Dhabi, United Arab Emirates"
b76c0b0ed2926737,Joe Duffy,654ae722109a0d31,Joel Alvarez,58bbef3770bb2dfc,Joel Alvarez,Submission,1,2:25,3 Rnd (5-5-5),Lightweight Bout,"July 18, 2020","Abu Dhabi, Abu Dhabi, United Arab Emirates"
bb881d4ee6dfbf86,Grant Dawson,99bd51917728c25d,Nad Narimani,776a58a67665a171,Grant Dawson,Decision - Unanimous,3,5:00,3 Rnd (5-5-5),Catch Weight Bout,"July 18, 2020","Abu Dhabi, Abu Dhabi, United Arab Emirates"
e5a9f75b1117d848,Roman Dolidze,327d5f279895110d,Khadis Ibragimov,c3218c810959d279,Roman Dolidze,KO/TKO,1,4:15,3 Rnd (5-5-5),Light Heavyweight Bout,"July 18, 2020","Abu Dhabi, Abu Dhabi, United Arab Emirates"
ba4485ce4e8e3fe1,Alexandre Pantoja,a0f0004aadf10b71,Askar Askarov,b1d19449397541dc,Askar Askarov,Decision - Unanimous,3,5:00,3 Rnd (5-5-5),Flyweight Bout,"July 18, 2020","Abu Dhabi, Abu Dhabi, United Arab Emirates"
c4c379b8f99fea88,Ariane Lipski,6551c64fbcd1a467,Luana Carolina,528b071cf3da7c56,Ariane Lipski,Submission,1,1:28,3 Rnd (5-5-5),Women's Flyweight Bout,"July 18, 2020","Abu Dhabi, Abu Dhabi, United Arab Emirates"
e5872dfa5b93fcbb,Marc Diakiese,32c355b04fc57f3a,Rafael Fiziev,c814b4c899793af6,Rafael Fiziev,Decision - Unanimous,3,5:00,3 Rnd (5-5-5),Lightweight Bout,"July 18, 2020","Abu Dhabi, Abu Dhabi, United Arab Emirates"
fcfd2e6eed519cb9,Jack Hermansson,0a1942069c9ad6b6,Kelvin Gastelum,8c0580d4fff106c1,Jack Hermansson,Submission,1,1:18,3 Rnd (5-5-5),Middleweight Bout,"July 18, 2020","Abu Dhabi, Abu Dhabi, United Arab Emirates"
4dc5039b21013b3a,Deiveson Figueiredo,aa72b0f831d0bfe5,Joseph Benavidez,80eacd4da0617c57,Deiveson Figueiredo,Submission,1,4:48,5 Rnd (5-5-5-5-5),UFC Flyweight Title Bout,"July 18, 2020","Abu Dhabi, Abu Dhabi, United Arab Emirates"
dccea04cc3567955,Diana Belbita,d7e40dca3ae125be,Liana Jojua,eebc23626e38f5dc,Liana Jojua,Submission,1,2:43,3 Rnd (5-5-5),Women's Flyweight Bout,"July 15, 2020","Abu Dhabi, Abu Dhabi, United Arab Emirates"
819f51ef9d945a46,Jared Gordon,7026eca45f65377b,Chris Fishgold,bebb4ae55ac2bf6f,Jared Gordon,Decision - Unanimous,3,5:00,3 Rnd (5-5-5),Featherweight Bout,"July 15, 2020","Abu Dhabi, Abu Dhabi, United Arab Emirates"
0e969ae805006d1f,Modestas Bukauskas,476fe566d2df676e,Andreas Michailidis,79325a3c1a5c3bf4,Modestas Bukauskas,KO/TKO,1,5:00,3 Rnd (5-5-5),Light Heavyweight Bout,"July 15, 2020","Abu Dhabi, Abu Dhabi, United Arab Emirates"
f3efc6121c5323ff,Ricardo Ramos,1ae8f3c723aacff4,Lerone Murphy,396fe87b84ac2e1c,Lerone Murphy,KO/TKO,1,4:18,3 Rnd (5-5-5),Featherweight Bout,"July 15, 2020","Abu Dhabi, Abu Dhabi, United Arab Emirates"
7fd810af30144119,John Phillips,e9ac7bfb65c25497,Khamzat Chimaev,767755fd74662dbf,Khamzat Chimaev,Submission,2,1:12,3 Rnd (5-5-5),Middleweight Bout,"July 15, 2020","Abu Dhabi, Abu Dhabi, United Arab Emirates"
33d2a1dbb8a7fef5,Abdul Razak Alhassan,eae431e70064e046,Mounir Lazzez,49ee5024966efc0d,Mounir Lazzez,Decision - Unanimous,3,5:00,3 Rnd (5-5-5),Welterweight Bout,"July 15, 2020","Abu Dhabi, Abu Dhabi, United Arab Emirates"
15def71ff1679e06,Molly McCann,51018a31ddf31eb2,Taila Santos,f7467152fd9f18a2,Taila Santos,Decision - Unanimous,3,5:00,3 Rnd (5-5-5),Women's Flyweight Bout,"July 15, 2020","Abu Dhabi, Abu Dhabi, United Arab Emirates"
d4c314616eac8f8b,Jimmie Rivera,9c907996820d2d69,Cody Stamann,bf7ad5628363eec9,Jimmie Rivera,Decision - Unanimous,3,5:00,3 Rnd (5-5-5),Featherweight Bout,"July 15, 2020","Abu Dhabi, Abu Dhabi, United Arab Emirates"
7dbf23cb872edc9c,Tim Elliott,c96d9178c9ed9e62,Ryan Benoit,20999e27ddd94bda,Tim Elliott,Decision - Unanimous,3,5:00,3 Rnd (5-5-5),Flyweight Bout,"July 15, 2020","Abu Dhabi, Abu Dhabi, United Arab Emirates"
abeaae1a64934178,Calvin Kattar,751de04455cfaac0,Dan Ige,82a5152216251682,Calvin Kattar,Decision - Unanimous,5,5:00,5 Rnd (5-5-5-5-5),Featherweight Bout,"July 15, 2020","Abu Dhabi, Abu Dhabi, United Arab Emirates"
08e48648e3504638,Karol Rosa,351c4ec637380ad5,Vanessa Melo,9b7dfb3b7d99926a,Karol Rosa,Decision - Unanimous,3,5:00,3 Rnd (5-5-5),Women's Bantamweight Bout,"July 11, 2020","Abu Dhabi, Abu Dhabi, United Arab Emirates"
0e8d5c16eb9cb1cf,Raulian Paiva,82b4e942781b1046,Zhalgas Zhumagulov,55fa6ce3e522c8bb,Raulian Paiva,Decision - Unanimous,3,5:00,3 Rnd (5-5-5),Flyweight Bout,"July 11, 2020","Abu Dhabi, Abu Dhabi, United Arab Emirates"
137646de0ffd9c35,Marcin Tybura,c9cf753cfdf77fc2,Maxim Grishin,950d0ef5c17157c5,Marcin Tybura,Decision - Unanimous,3,5:00,3 Rnd (5-5-5),Heavyweight Bout,"July 11, 2020","Abu Dhabi, Abu Dhabi, United Arab Emirates"
7c76c752c7abf2e0,Leonardo Santos,9c65736747ca92ec,Roman Bogatov,d61316139d68dbe3,Leonardo Santos,Decision - Unanimous,3,5:00,3 Rnd (5-5-5),Lightweight Bout,"July 11, 2020","Abu Dhabi, Abu Dhabi, United Arab Emirates"
159646a9d2ae8ea5,Makwan Amirkhani,87a1dc546b1c5caf,Danny Henry,f7d73e452b064bf2,Makwan Amirkhani,Submission,1,3:15,3 Rnd (5-5-5),Featherweight Bout,"July 11, 2020","Abu Dhabi, Abu Dhabi, United Arab Emirates"
ce7cd2ec773bea7f,Elizeu Zaleski dos Santos,8adcbd525fab8d9b,Muslim Salikhov,447f9858ae78f921,Muslim Salikhov,Decision - Split,3,5:00,3 Rnd (5-5-5),Welterweight Bout,"July 11, 2020","Abu Dhabi, Abu Dhabi, United Arab Emirates"
cd8cdb539deaa47f,Volkan Oezdemir,0845c81e37d3bcb3,Jiri Prochazka,009341ed974bad72,Jiri Prochazka,KO/TKO,2,0:49,3 Rnd (5-5-5),Light Heavyweight Bout,"July 11, 2020","Abu Dhabi, Abu Dhabi, United Arab Emirates"
6e0c1faaf40caf9a,Amanda Ribas,beecb672a279223e,Paige VanZant,4d5197f331c47290,Amanda Ribas,Submission,1,2:21,3 Rnd (5-5-5),Women's Flyweight Bout,"July 11, 2020","Abu Dhabi, Abu Dhabi, United Arab Emirates"
e16f42a666e163d8,Jessica Andrade,6a1901c62ab3870f,Rose Namajunas,47b63240018d5d86,Rose Namajunas,Decision - Split,3,5:00,3 Rnd (5-5-5),Women's Strawweight Bout,"July 11, 2020","Abu Dhabi, Abu Dhabi, United Arab Emirates"
0f9be7ac405772f8,Petr Yan,d661ce4da776fc20,Jose Aldo,d0f3959b4a9747e6,Petr Yan,KO/TKO,5,3:24,5 Rnd (5-5-5-5-5),UFC Bantamweight Title Bout,"July 11, 2020","Abu Dhabi, Abu Dhabi, United Arab Emirates"
94b1596c6ff9a25d,Alexander Volkanovski,e1248941344b3288,Max Holloway,150ff4cc642270b9,Alexander Volkanovski,Decision - Split,5,5:00,5 Rnd (5-5-5-5-5),UFC Featherweight Title Bout,"July 11, 2020","Abu Dhabi, Abu Dhabi, United Arab Emirates"
d292243c6499b2fe,Kamaru Usman,f1b2aa7853d1ed6e,Jorge Masvidal,47b9e0e7703a4868,Kamaru Usman,Decision - Unanimous,5,5:00,5 Rnd (5-5-5-5-5),UFC Welterweight Title Bout,"July 11, 2020","Abu Dhabi, Abu Dhabi, United Arab Emirates"
1b8d366ac0f110f3,Kay Hansen,4100c7a09497ad41,Jinh Yu Frey,d05cb1e8d1b885d8,Kay Hansen,Submission,3,2:26,3 Rnd (5-5-5),Women's Strawweight Bout,"June 27, 2020","Las Vegas, Nevada, USA"
75570ea2da94a4fb,Philipe Lins,53c943c873cffe90,Tanner Boser,04c8b08b16a5b99e,Tanner Boser,KO/TKO,1,2:41,3 Rnd (5-5-5),Heavyweight Bout,"June 27, 2020","Las Vegas, Nevada, USA"
9025e3c6b6d71253,Luis Pena,2844b047183a1adb,Khama Worthy,78e501478a36a018,Khama Worthy,Submission,3,2:53,3 Rnd (5-5-5),Lightweight Bout,"June 27, 2020","Las Vegas, Nevada, USA"
8a8fea2c10512434,Sean Woodson,4682bc59d5f55145,Julian Erosa,902ec2cc48c8ae8a,Julian Erosa,Submission,3,2:44,3 Rnd (5-5-5),Catch Weight Bout,"June 27, 2020","Las Vegas, Nevada, USA"
67ed3ad521ef619c,Takashi Sato,8abac218746e04ca,Jason Witt,5f3805dda9661cba,Takashi Sato,KO/TKO,1,0:48,3 Rnd (5-5-5),Welterweight Bout,"June 27, 2020","Las Vegas, Nevada, USA"
cfd47fddbb705f26,Brendan Allen,2f181c0467965b98,Kyle Daukaus,d6c0cdd7e467c440,Brendan Allen,Decision - Unanimous,3,5:00,3 Rnd (5-5-5),Middleweight Bout,"June 27, 2020","Las Vegas, Nevada, USA"
9ce56acac775d386,Gian Villante,fcd448a2fe1a23cc,Maurice Greene,068f8a189a47fea6,Maurice Greene,Submission,3,3:44,3 Rnd (5-5-5),Heavyweight Bout,"June 27, 2020","Las Vegas, Nevada, USA"
f2d9814936a6eb35,Mike Perry,f2b6fdb20675b11c,Mickey Gall,9e50097a89442158,Mike Perry,Decision - Unanimous,3,5:00,3 Rnd (5-5-5),Welterweight Bout,"June 27, 2020","Las Vegas, Nevada, USA"
f8dd1e75978a3957,Dustin Poirier,029eaff01e6bb8f0,Dan Hooker,193b9d1858bc4df3,Dustin Poirier,Decision - Unanimous,5,5:00,5 Rnd (5-5-5-5-5),Lightweight Bout,"June 27, 2020","Las Vegas, Nevada, USA"
088b47d890b389e9,Roxanne Modafferi,4498b382c65a7faa,Lauren Murphy,729d4bd5a6cd0a97,Lauren Murphy,Decision - Unanimous,3,5:00,3 Rnd (5-5-5),Women's Flyweight Bout,"June 20, 2020","Las Vegas, Nevada, USA"
7f0175f71481b63d,Frank Camacho,764342d39cdaa54a,Justin Jaynes,304a21d0595e1a08,Justin Jaynes,KO/TKO,1,0:41,3 Rnd (5-5-5),Lightweight Bout,"June 20, 2020","Las Vegas, Nevada, USA"
90715135a543b6e3,Cortney Casey,5f179af5fffeb9f6,Gillian Robertson,38c7f72747f4f712,Gillian Robertson,Submission,3,4:36,3 Rnd (5-5-5),Women's Flyweight Bout,"June 20, 2020","Las Vegas, Nevada, USA"
f044802db5688bbe,Marc-Andre Barriault,8e9eb3fc86db0f7d,Oskar Piechota,1cf7ccf64a5bf24e,Marc-Andre Barriault,KO/TKO,2,4:50,3 Rnd (5-5-5),Middleweight Bout,"June 20, 2020","Las Vegas, Nevada, USA"
1adee75d6c671cc8,Tecia Torres,31ef8b67e13495b3,Brianna Van Buren,b53c46f613f6f248,Tecia Torres,Decision - Unanimous,3,5:00,3 Rnd (5-5-5),Women's Strawweight Bout,"June 20, 2020","Las Vegas, Nevada, USA"
d851cbbbdfd05a49,Clay Guida,c47df9303d318c67,Bobby Green,887961364be5ceb3,Bobby Green,Decision - Unanimous,3,5:00,3 Rnd (5-5-5),Lightweight Bout,"June 20, 2020","Las Vegas, Nevada, USA"
9b39e15b42422a08,Jim Miller,d1941565abf50b16,Roosevelt Roberts,37c5366d18ed6c05,Jim Miller,Submission,1,2:25,3 Rnd (5-5-5),Catch Weight Bout,"June 20, 2020","Las Vegas, Nevada, USA"
f00921c62315be96,Belal Muhammad,b1b0729d27936f2f,Lyman Good,4e0692ad070976e4,Belal Muhammad,Decision - Unanimous,3,5:00,3 Rnd (5-5-5),Welterweight Bout,"June 20, 2020","Las Vegas, Nevada, USA"
8b9e9f283e76b429,Raquel Pennington,fc169c387b4b465d,Marion Reneau,c7d297714d9ab1a4,Raquel Pennington,Decision - Unanimous,3,5:00,3 Rnd (5-5-5),Women's Bantamweight Bout,"June 20, 2020","Las Vegas, Nevada, USA"
4f99b4a39925cb47,Josh Emmett,fba03cd6cc28dc41,Shane Burgos,98d961097baaf308,Josh Emmett,Decision - Unanimous,3,5:00,3 Rnd (5-5-5),Featherweight Bout,"June 20, 2020","Las Vegas, Nevada, USA"
0c3622569cd8062a,Curtis Blaydes,fa6796c55d6c5440,Alexander Volkov,279566840aa55bf2,Curtis Blaydes,Decision - Unanimous,5,5:00,5 Rnd (5-5-5-5-5),Heavyweight Bout,"June 20, 2020","Las Vegas, Nevada, USA"
dfbb110855354039,Tyson Nam,6e00cfffd54653c4,Zarrukh Adashev,79cb2a690b9ba5e8,Tyson Nam,KO/TKO,1,0:32,3 Rnd (5-5-5),Bantamweight Bout,"June 13, 2020","Las Vegas, Nevada, USA"
97125cd6a94b6394,Julia Avila,86d9dbe1bfcbade7,Gina Mazany,016a8d958883167c,Julia Avila,KO/TKO,1,0:22,3 Rnd (5-5-5),Women's Bantamweight Bout,"June 13, 2020","Las Vegas, Nevada, USA"
05061dd590c9eb34,Merab Dvalishvili,c03520b5c88ed6b4,Gustavo Lopez,93b62c5f2ba18e51,Merab Dvalishvili,Decision - Unanimous,3,5:00,3 Rnd (5-5-5),Catch Weight Bout,"June 13, 2020","Las Vegas, Nevada, USA"
7606d2f8d8b0e889,Mariya Agapova,a08ddd04eaffd81d,Hannah Cifers,2244d9a2b64b8c3b,Mariya Agapova,Submission,1,2:42,3 Rnd (5-5-5),Women's Flyweight Bout,"June 13, 2020","Las Vegas, Nevada, USA"
e36b8b88646f72f8,Jordan Espinosa,215a70f073a7b726,Mark De La Rosa,f57dd0bfa8c17813,Jordan Espinosa,Decision - Unanimous,3,5:00,3 Rnd (5-5-5),Bantamweight Bout,"June 13, 2020","Las Vegas, Nevada, USA"
cab532b4544580bd,Andre Fili,8fd808923cffff82,Charles Jourdain,f1d64ae34e088832,Andre Fili,Decision - Split,3,5:00,3 Rnd (5-5-5),Featherweight Bout,"June 13, 2020","Las Vegas, Nevada, USA"
1109a8f2adc81ce0,Charles Rosa,40093d1d2d78394e,Kevin Aguilar,cf946e03ba2e7666,Charles Rosa,Decision - Split,3,5:00,3 Rnd (5-5-5),Lightweight Bout,"June 13, 2020","Las Vegas, Nevada, USA"
e857ca0bc3b9fdcd,Karl Roberson,37d5b176d438d2a5,Marvin Vettori,7acbb0972e75281a,Marvin Vettori,Submission,1,4:17,3 Rnd (5-5-5),Middleweight Bout,"June 13, 2020","Las Vegas, Nevada, USA"
b8b692aa2aae3310,Jessica Eye,f72465a784c1b084,Cynthia Calvillo,98215d037be5bcb7,Cynthia Calvillo,Decision - Unanimous,5,5:00,5 Rnd (5-5-5-5-5),Women's Flyweight Bout,"June 13, 2020","Las Vegas, Nevada, USA"
5fdf6611815efdfb,Alonzo Menifield,a495f599e787614f,Devin Clark,cc7040fe76f0ef91,Devin Clark,Decision - Unanimous,3,5:00,3 Rnd (5-5-5),Light Heavyweight Bout,"June 06, 2020","Las Vegas, Nevada, USA"
de4c4997f1429dd1,Jussier Formiga,b102c26727306ab6,Alex Perez,ab2b4ff41d6ebe0f,Alex Perez,KO/TKO,1,4:06,3 Rnd (5-5-5),Flyweight Bout,"June 06, 2020","Las Vegas, Nevada, USA"
1c7ea3928c7d0ad8,Charles Byrd,76ee3d666c648f6b,Maki Pitolo,c549573c0df4d676,Maki Pitolo,KO/TKO,2,1:10,3 Rnd (5-5-5),Middleweight Bout,"June 06, 2020","Las Vegas, Nevada, USA"
c6ca435e24c5f4e4,Cody Stamann,bf7ad5628363eec9,Brian Kelleher,7be14eaed4c74856,Cody Stamann,Decision - Unanimous,3,5:00,3 Rnd (5-5-5),Featherweight Bout,"June 06, 2020","Las Vegas, Nevada, USA"
6fe8bce03a46350b,Ian Heinisch,2e585c701f72fe55,Gerald Meerschaert,6ac9bc2953c47345,Ian Heinisch,KO/TKO,1,1:14,3 Rnd (5-5-5),Middleweight Bout,"June 06, 2020","Las Vegas, Nevada, USA"
f2cd665eab69876a,Alex Caceres,7aa3d6964eff4877,Chase Hooper,971246648e162f0d,Alex Caceres,Decision - Unanimous,3,5:00,3 Rnd (5-5-5),Featherweight Bout,"June 06, 2020","Las Vegas, Nevada, USA"
58584ccd0f63e3f3,Eddie Wineland,fc9a9559a05f2704,Sean O'Malley,b50a426a33da0012,Sean O'Malley,KO/TKO,1,1:54,3 Rnd (5-5-5),Bantamweight Bout,"June 06, 2020","Las Vegas, Nevada, USA"
8bede5047e97d602,Neil Magny,84b3e7d38f2d2ec5,Anthony Rocco Martin,5331b25a60417ffb,Neil Magny,Decision - Unanimous,3,5:00,3 Rnd (5-5-5),Welterweight Bout,"June 06, 2020","Las Vegas, Nevada, USA"
c03b6b6ce5d03276,Aljamain Sterling,cb696ebfb6598724,Cory Sandhagen,65f09bacd3957381,Aljamain Sterling,Submission,1,1:28,3 Rnd (5-5-5),Bantamweight Bout,"June 06, 2020","Las Vegas, Nevada, USA"
0ddf834a47533d15,Raphael Assuncao,2f13e4020cea5b38,Cody Garbrandt,d8c7c61b176e3994,Cody Garbrandt,KO/TKO,2,4:59,3 Rnd (5-5-5),Bantamweight Bout,"June 06, 2020","Las Vegas, Nevada, USA"
dc38c78358e053c3,Amanda Nunes,80fa8218c99f9c58,Felicia Spencer,39d91e95949de3d9,Amanda Nunes,Decision - Unanimous,5,5:00,5 Rnd (5-5-5-5-5),UFC Women's Featherweight Title Bout,"June 06, 2020","Las Vegas, Nevada, USA"
57dec2b07b75dada,Louis Smolka,d2bc285ead803db0,Casey Kenney,e7bba7ce4d6c7b07,Casey Kenney,Submission,1,3:03,3 Rnd (5-5-5),Bantamweight Bout,"May 30, 2020","Las Vegas, Nevada, USA"
0170db5fad04e4d0,Tim Elliott,c96d9178c9ed9e62,Brandon Royval,6e15f63b6c2e2c15,Brandon Royval,Submission,2,3:18,3 Rnd (5-5-5),Flyweight Bout,"May 30, 2020","Las Vegas, Nevada, USA"
0fcf42b68f2f0fa3,Jamahal Hill,5444c5a201d3ee5a,Klidson Abreu,7279654c7674cd24,Jamahal Hill,KO/TKO,1,1:51,3 Rnd (5-5-5),Light Heavyweight Bout,"May 30, 2020","Las Vegas, Nevada, USA"
767819f321431bed,Daniel Rodriguez,8a1f3b5c526cd6e6,Gabe Green,5eb50529a8418b77,Daniel Rodriguez,Decision - Unanimous,3,5:00,3 Rnd (5-5-5),Welterweight Bout,"May 30, 2020","Las Vegas, Nevada, USA"
a41384da70013373,Katlyn Chookagian,e872e9a9a902c045,Antonina Shevchenko,d7338bcb141abd2c,Katlyn Chookagian,Decision - Unanimous,3,5:00,3 Rnd (5-5-5),Women's Flyweight Bout,"May 30, 2020","Las Vegas, Nevada, USA"
3640defb8294bd37,Mackenzie Dern,7447e9f28508106a,Hannah Cifers,2244d9a2b64b8c3b,Mackenzie Dern,Submission,1,2:36,3 Rnd (5-5-5),Women's Strawweight Bout,"May 30, 2020","Las Vegas, Nevada, USA"
03e5127d4832750c,Roosevelt Roberts,37c5366d18ed6c05,Brok Weaver,7c9f96f9a6a5cd50,Roosevelt Roberts,Submission,2,3:26,3 Rnd (5-5-5),Lightweight Bout,"May 30, 2020","Las Vegas, Nevada, USA"
1e9a2b197ebff074,Billy Quarantillo,aa171d55d4b5208f,Spike Carlyle,be68b375707dcb85,Billy Quarantillo,Decision - Unanimous,3,5:00,3 Rnd (5-5-5),Catch Weight Bout,"May 30, 2020","Las Vegas, Nevada, USA"
a6743d41b0b95271,Blagoy Ivanov,1788eee370f077b7,Augusto Sakai,441eacbe20e0e80b,Augusto Sakai,Decision - Split,3,5:00,3 Rnd (5-5-5),Heavyweight Bout,"May 30, 2020","Las Vegas, Nevada, USA"
e9eab0fa03eecd9b,Tyron Woodley,effd9de9937996f8,Gilbert Burns,23024fdfc966410a,Gilbert Burns,Decision - Unanimous,5,5:00,5 Rnd (5-5-5-5-5),Welterweight Bout,"May 30, 2020","Las Vegas, Nevada, USA"
906283a2adcbc3e0,Cortney Casey,5f179af5fffeb9f6,Mara Romero Borella,82cbb809d5ee565c,Cortney Casey,Submission,1,3:36,3 Rnd (5-5-5),Women's Flyweight Bout,"May 16, 2020","Jacksonville, Florida, USA"
f039c93516e48253,Darren Elkins,92a9aa9c93192871,Nate Landwehr,583ee11abddfc581,Nate Landwehr,Decision - Unanimous,3,5:00,3 Rnd (5-5-5),Featherweight Bout,"May 16, 2020","Jacksonville, Florida, USA"
b1e66cea3a4d4709,Giga Chikadze,9560ff14eb3129f7,Irwin Rivera,06a80a685ea98573,Giga Chikadze,Decision - Unanimous,3,5:00,3 Rnd (5-5-5),Featherweight Bout,"May 16, 2020","Jacksonville, Florida, USA"
51461da4ba467901,Anthony Hernandez,093e1f5bb73850be,Kevin Holland,3a46b268013afede,Kevin Holland,KO/TKO,1,0:39,3 Rnd (5-5-5),Middleweight Bout,"May 16, 2020","Jacksonville, Florida, USA"
adac148ee6fa3bf7,Matt Brown,31123249b0bbf52e,Miguel Baeza,82d4c957649faf9b,Miguel Baeza,KO/TKO,2,0:18,3 Rnd (5-5-5),Welterweight Bout,"May 16, 2020","Jacksonville, Florida, USA"
81f2f2d4b0302590,Song Yadong,efb96bf3e9ada36f,Marlon Vera,7c7332319c14094c,Song Yadong,Decision - Unanimous,3,5:00,3 Rnd (5-5-5),Featherweight Bout,"May 16, 2020","Jacksonville, Florida, USA"
821a1c6f5d7fab14,Eryk Anders,cad24459b28592ca,Krzysztof Jotko,4e06913c91da5200,Krzysztof Jotko,Decision - Unanimous,3,5:00,3 Rnd (5-5-5),Middleweight Bout,"May 16, 2020","Jacksonville, Florida, USA"
58540b24ed77d31b,Dan Ige,82a5152216251682,Edson Barboza,64a50dad704d1d49,Dan Ige,Decision - Split,3,5:00,3 Rnd (5-5-5),Featherweight Bout,"May 16, 2020","Jacksonville, Florida, USA"
27bfb9205119f23b,Claudia Gadelha,ec34349e7dffcde7,Angela Hill,f0feeb2192937424,Claudia Gadelha,Decision - Split,3,5:00,3 Rnd (5-5-5),Women's Strawweight Bout,"May 16, 2020","Jacksonville, Florida, USA"
ce0748519d5ea5c6,Alistair Overeem,b4ad3a06ee4d660c,Walt Harris,03f982ca3735070c,Alistair Overeem,KO/TKO,2,3:00,5 Rnd (5-5-5-5-5),Heavyweight Bout,"May 16, 2020","Jacksonville, Florida, USA"
4acab67848e78327,Scott Morris,be9d259be012e8a4,Sean Daugherty,a683f9ddb70aa4bd,Scott Morris,Submission,1,0:20,No Time Limit,Open Weight Bout,"March 11, 1994","Denver, Colorado, USA"
8887948f0c097cd8,Keith Hackney,bf12aca029bfcc47,Emmanuel Yarborough,2299605af59fd309,Keith Hackney,KO/TKO,1,1:59,No Time Limit,Open Weight Bout,"September 09, 1994","Charlotte, North Carolina, USA"
a1db4c917777aa79,Joe Charles,19ffeb5e3fffd6d5,Kevin Rosier,598a58db87b890ee,Joe Charles,Submission,1,0:14,No Time Limit,Open Weight Bout,"December 16, 1994","Tulsa, Oklahoma, USA"
802c0e4e228996ac,Dave Beneteau,9fd1f08dd4aec14a,Asbel Cancio,2a7afe14b3a0a058,Dave Beneteau,KO/TKO,1,0:21,1 Rnd (20),Open Weight Bout,"April 07, 1995","Charlotte, North Carolina, USA"
b297c3e938e1005e,Joel Sutton,a6a9ab5a824e8f66,Jack McGlaughlin,237187ed9f419285,Joel Sutton,KO/TKO,1,2:01,1 Rnd (20),Open Weight Bout,"July 14, 1995","Casper, Wyoming, USA"
4b334c9727eee450,Joel Sutton,a6a9ab5a824e8f66,Geza Kalman,304fcd812f12c589,Joel Sutton,TKO - Doctor's Stoppage,1,0:48,1 Rnd (20),Open Weight Bout,"September 08, 1995","Buffalo, New York, USA"
6449a1a9a69a830c,Joe Charles,19ffeb5e3fffd6d5,Scott Bessac,3f24c96753dbd9f9,Joe Charles,Submission,1,4:38,1 Rnd (15),Open Weight Bout,"December 16, 1995","Denver, Colorado, USA"
5701dbbbfa4f8313,Sam Adkins,0e9869d712e81f8f,Keith Mielke,f62850b3c7480db9,Sam Adkins,KO/TKO,1,0:50,1 Rnd (10),Open Weight Bout,"February 16, 1996","San Juan, Puerto Rico"
e92abaf81ad5949b,Steve Nelmark,13e62d766b709aa6,Tai Bowden,2efbc83a6b9b7f86,Steve Nelmark,TKO - Doctor's Stoppage,1,7:25,1 Rnd + OT (12-3),Open Weight Bout,"May 17, 1996","Detroit, Michigan, USA"
dc6a8ec4d6c477de,Geza Kalman,304fcd812f12c589,Dieusel Berto,0db70ca89e1c7374,Geza Kalman,KO/TKO,1,5:57,1 Rnd + OT (12-3),Open Weight Bout,"July 12, 1996","Birmingham, Alabama, USA"
c413b0abc04358c3,Scott Ferrozzo,977081bc01197656,Sam Fulton,1f5f75658551f2d3,Scott Ferrozzo,Submission,1,1:45,1 Rnd (15),Open Weight Bout,"September 20, 1996","Augusta, Georgia, USA"
a5c90086fb65f58e,Mark Hall,18524b46c570730b,Felix Lee Mitchell,6cbb7661c3258617,Mark Hall,KO/TKO,1,1:45,1 Rnd + OT (12-3),Open Weight Bout,"December 07, 1996","Birmingham, Alabama, USA"
565ecefd8a37ad7e,Nick Sanzo,1d147d4163a6989b,Jackie Lee,4985113c0928aa62,Nick Sanzo,KO/TKO,1,0:48,1 Rnd + OT (12-3),Lightweight Bout,"February 07, 1997","Dothan, Alabama, USA"
f3c33d0b7a087eaf,Tito Ortiz,2f732dd9210d301f,Wes Albritton,184b955181bdef52,Tito Ortiz,KO/TKO,1,0:31,1 Rnd + OT (12-3),Lightweight Bout,"May 30, 1997","Augusta, Georgia, USA"
1586c14f26880553,Tony Fryklund,253de74457bd6374,Donnie Chappell,8788beb528894f33,Tony Fryklund,Submission,1,1:31,1 Rnd + OT (12-3),Lightweight Bout,"July 27, 1997","Birmingham, Alabama, USA"
c99e302777049f2d,Alex Hunter,baa5358456803df8,Harry Moskowitz,4dc496aa0cfc0d95,Alex Hunter,Decision - Split,1,12:00,1 Rnd (12),Heavyweight Bout,"October 17, 1997","Bay St. Louis, Mississippi, USA"
0e0629a1503125a6,Tra Telligman,1dab0d1d81dd06db,Brad Kohler,13c4313ed0f744f3,Tra Telligman,Submission,1,10:05,1 Rnd (12),Heavyweight Bout,"December 21, 1997","Yokohama, Kanagawa, Japan"
764e492b55c0ec40,David Abbott,b361180739bed4b0,Yoji Anjo,e06fd1260ac865a7,David Abbott,Decision - Unanimous,2,3:00,1 Rnd + OT (12-3),Heavyweight Bout,"December 21, 1997","Yokohama, Kanagawa, Japan"
2750ac5854e8b28b,Kazushi Sakuraba,9b5b5a75523728f3,Marcus Silveira,f717b6002486f73f,NC,Overturned,1,1:51,1 Rnd + OT (12-3),Heavyweight Bout,"December 21, 1997","Yokohama, Kanagawa, Japan"
e0c636beed345e1d,Frank Shamrock,fcaae0385b514f11,Kevin Jackson,13b2f59210dda9cc,Frank Shamrock,Submission,1,0:16,1 Rnd + 2OT (15-3-3),UFC Light Heavyweight Title Bout,"December 21, 1997","Yokohama, Kanagawa, Japan"
5c3542260741c6bc,Vitor Belfort,0ee783aa00e468f0,Joe Charles,19ffeb5e3fffd6d5,Vitor Belfort,Submission,1,4:03,1 Rnd + OT (12-3),Heavyweight Bout,"December 21, 1997","Yokohama, Kanagawa, Japan"
ec1bda9a4c2aab42,Kazushi Sakuraba,9b5b5a75523728f3,Marcus Silveira,f717b6002486f73f,Kazushi Sakuraba,Submission,1,3:44,1 Rnd + OT (12-3),Ultimate Japan Heavyweight Tournament Title Bout,"December 21, 1997","Yokohama, Kanagawa, Japan"
748657d9ba9d7c71,Randy Couture,0aa92558424ced9e,Maurice Smith,33e33d51f289d2a1,Randy Couture,Decision - Majority,3,3:00,1 Rnd + 2OT (15-3-3),UFC Heavyweight Title Bout,"December 21, 1997","Yokohama, Kanagawa, Japan"
da77ead135cb4f17,Dwayne Cason,31c01fbc2586a5eb,Houston Dorr,312f47c3d2f83ffa,Dwayne Cason,KO/TKO,1,3:43,1 Rnd (12),Heavyweight Bout,"October 17, 1997","Bay St. Louis, Mississippi, USA"
6603f1d60bfeefa9,Mark Kerr,a7b48e18ca27795d,Greg Stott,91181b29be041f1c,Mark Kerr,KO/TKO,1,0:17,1 Rnd + OT (12-3),Heavyweight Bout,"October 17, 1997","Bay St. Louis, Mississippi, USA"
3bd789bcfb12368d,Dave Beneteau,9fd1f08dd4aec14a,Carlos Barreto,a220be6d41d6f97d,Dave Beneteau,Decision - Unanimous,2,3:00,1 Rnd + OT (12-3),Heavyweight Bout,"October 17, 1997","Bay St. Louis, Mississippi, USA"
b5e49b35bc25c5a9,Randy Couture,0aa92558424ced9e,Vitor Belfort,0ee783aa00e468f0,Randy Couture,KO/TKO,1,8:16,1 Rnd + OT (12-3),Heavyweight Bout,"October 17, 1997","Bay St. Louis, Mississippi, USA"
1c1f8f281b2065e0,Mark Kerr,a7b48e18ca27795d,Dwayne Cason,31c01fbc2586a5eb,Mark Kerr,Submission,1,0:53,1 Rnd + 2OT (15-3-3),UFC 15 Heavyweight Tournament Title Bout,"October 17, 1997","Bay St. Louis, Mississippi, USA"
b3cafb4e6e1b2ad0,Maurice Smith,33e33d51f289d2a1,David Abbott,b361180739bed4b0,Maurice Smith,Submission,1,8:08,1 Rnd + 2OT (15-3-3),UFC Heavyweight Title Bout,"October 17, 1997","Bay St. Louis, Mississippi, USA"
f373e50e2fab3d5f,Alex Hunter,baa5358456803df8,Sam Fulton,1f5f75658551f2d3,Alex Hunter,Submission,1,2:30,1 Rnd + OT (12-3),Heavyweight Bout,"July 27, 1997","Birmingham, Alabama, USA"
6158150558be0edf,Joe Moreira,df85d6ec3493d120,Yuri Vaulin,4679a38cced7c64a,Joe Moreira,Decision - Unanimous,2,3:00,1 Rnd + OT (12-3),Lightweight Bout,"July 27, 1997","Birmingham, Alabama, USA"
e0a11799d3446b87,Kevin Jackson,13b2f59210dda9cc,Todd Butler,3fed746acfd026dd,Kevin Jackson,KO/TKO,1,1:27,1 Rnd + OT (12-3),Lightweight Bout,"July 27, 1997","Birmingham, Alabama, USA"
f44aa569b4eec404,Mark Kerr,a7b48e18ca27795d,Moti Horenstein,baf942f4bcb09894,Mark Kerr,KO/TKO,1,2:22,1 Rnd + OT (12-3),Heavyweight Bout,"July 27, 1997","Birmingham, Alabama, USA"
3f6c0a76407e1863,Dan Bobish,f348d05403fad037,Brian Johnston,1c3f5e85b59ec710,Dan Bobish,Submission,1,2:10,1 Rnd + OT (12-3),Heavyweight Bout,"July 27, 1997","Birmingham, Alabama, USA"
c92596c3143db25b,Kevin Jackson,13b2f59210dda9cc,Tony Fryklund,253de74457bd6374,Kevin Jackson,Submission,1,0:44,1 Rnd + OT (12-3),UFC 14 Middleweight Tournament Title Bout,"July 27, 1997","Birmingham, Alabama, USA"
1f561a3e35a9b48a,Mark Kerr,a7b48e18ca27795d,Dan Bobish,f348d05403fad037,Mark Kerr,Submission,1,1:38,1 Rnd + 2OT (15-3-3),UFC 14 Heavyweight Tournament Title Bout,"July 27, 1997","Birmingham, Alabama, USA"
1a5171802bf3bce6,Maurice Smith,33e33d51f289d2a1,Mark Coleman,21b8a0f5c231096f,Maurice Smith,Decision - Unanimous,3,3:00,1 Rnd + 2OT (15-3-3),UFC Heavyweight Title Bout,"July 27, 1997","Birmingham, Alabama, USA"
0473ef44197be419,Jack Nilson,53e533db1b8e9712,Saeed Hosseini,21f2974fd08085e3,Jack Nilson,KO/TKO,1,1:23,1 Rnd + OT (12-3),Lightweight Bout,"May 30, 1997","Augusta, Georgia, USA"
45e49fe8d3d1bfb5,Guy Mezger,946f341df6472ee0,Christophe Leninger,7269329bd87eb479,Guy Mezger,Decision - Unanimous,2,3:00,1 Rnd + OT (12-3),Lightweight Bout,"May 30, 1997","Augusta, Georgia, USA"
90557b479ce1c2a7,Enson Inoue,0cf935519d439ba6,Royce Alger,669a3cb6e394f515,Enson Inoue,Submission,1,1:36,1 Rnd + OT (12-3),Lightweight Bout,"May 30, 1997","Augusta, Georgia, USA"
e3255c742fff811c,Steven Graham,3e514f437c51ce0a,Dmitri Stepanov,738acab0c6934dd8,Steven Graham,Submission,1,1:30,1 Rnd + OT (12-3),Heavyweight Bout,"May 30, 1997","Augusta, Georgia, USA"
75d16f9eae9c6ea6,Randy Couture,0aa92558424ced9e,Tony Halme,bad28b7b34f334de,Randy Couture,Submission,1,0:56,1 Rnd + OT (12-3),Heavyweight Bout,"May 30, 1997","Augusta, Georgia, USA"
86f566f142593667,Guy Mezger,946f341df6472ee0,Tito Ortiz,2f732dd9210d301f,Guy Mezger,Submission,1,2:00,1 Rnd + OT (12-3),UFC 13 Lightweight Tournament Title Bout,"May 30, 1997","Augusta, Georgia, USA"
4165dd0c39926e2f,Randy Couture,0aa92558424ced9e,Steven Graham,3e514f437c51ce0a,Randy Couture,KO/TKO,1,3:13,1 Rnd + OT (12-3),UFC 13 Heavyweight Tournament Title Bout,"May 30, 1997","Augusta, Georgia, USA"
0e16795e385e76a7,Vitor Belfort,0ee783aa00e468f0,David Abbott,b361180739bed4b0,Vitor Belfort,KO/TKO,1,0:52,1 Rnd + 2OT (15-3-3),Heavyweight Bout,"May 30, 1997","Augusta, Georgia, USA"
77bf1e37929b0d59,Justin Martin,,Eric Martin,abbc4fc02e0d84b3,Justin Martin,Submission,1,0:14,1 Rnd + OT (12-3),Heavyweight Bout,"February 07, 1997","Dothan, Alabama, USA"
18af785da73b5996,Jerry Bohlander,93892752c5fc23ca,Rainy Martinez,577ec7e108b94be3,Jerry Bohlander,Submission,1,1:24,1 Rnd + OT (12-3),Lightweight Bout,"February 07, 1997","Dothan, Alabama, USA"
e45feb9866eb2da7,Yoshiki Takahashi,6420efac0578988b,Wallid Ismail,da6dfd09cca1d705,Yoshiki Takahashi,Decision - Unanimous,2,3:00,1 Rnd + OT (12-3),Lightweight Bout,"February 07, 1997","Dothan, Alabama, USA"
72e7d6d5328bc3d6,Scott Ferrozzo,977081bc01197656,Jim Mullen,1a49e0670dfaca31,Scott Ferrozzo,KO/TKO,1,8:02,1 Rnd + OT (12-3),Heavyweight Bout,"February 07, 1997","Dothan, Alabama, USA"
b28809d58f8c18fd,Vitor Belfort,0ee783aa00e468f0,Tra Telligman,1dab0d1d81dd06db,Vitor Belfort,KO/TKO,1,1:17,1 Rnd + OT (12-3),Heavyweight Bout,"February 07, 1997","Dothan, Alabama, USA"
2963e9a4b8c10bc9,Jerry Bohlander,93892752c5fc23ca,Nick Sanzo,1d147d4163a6989b,Jerry Bohlander,Submission,1,0:39,1 Rnd + 2OT (15-3-3),UFC 12 Lightweight Tournament Title Bout,"February 07, 1997","Dothan, Alabama, USA"
fa347a9ac9d0558c,Vitor Belfort,0ee783aa00e468f0,Scott Ferrozzo,977081bc01197656,Vitor Belfort,KO/TKO,1,0:43,1 Rnd + 2OT (15-3-3),UFC 12 Heavyweight Tournament Title Bout,"February 07, 1997","Dothan, Alabama, USA"
3e813ba25895913d,Mark Coleman,21b8a0f5c231096f,Dan Severn,c670aa48827d6be6,Mark Coleman,Submission,1,2:57,1 Rnd + 2OT (15-3-3),UFC Heavyweight Title Bout,"February 07, 1997","Dothan, Alabama, USA"
d93c8c77e1091a16,Steve Nelmark,13e62d766b709aa6,Marcus Bossett,e8fb8e53bc2e29d6,Steve Nelmark,Submission,1,1:37,1 Rnd + OT (12-3),Open Weight Bout,"December 07, 1996","Birmingham, Alabama, USA"
2f449bd58b3d9a99,Tai Bowden,2efbc83a6b9b7f86,Jack Nilson,53e533db1b8e9712,Tai Bowden,KO/TKO,1,4:46,1 Rnd + OT (12-3),Open Weight Bout,"December 07, 1996","Birmingham, Alabama, USA"
9713ba5e92ee4f5d,Don Frye,271fe91f4ba9d2c5,Gary Goodridge,fbbde91f7bc2d3c5,Don Frye,Submission,1,11:19,1 Rnd + OT (12-3),Open Weight Bout,"December 07, 1996","Birmingham, Alabama, USA"
f84070b049bc14e6,David Abbott,b361180739bed4b0,Cal Worsham,de3ed2e152520c8d,David Abbott,KO/TKO,1,2:51,1 Rnd + OT (12-3),Open Weight Bout,"December 07, 1996","Birmingham, Alabama, USA"
14e48e29fefe1b3d,Kimo Leopoldo,08ae5cd9aef7ddd3,Paul Varelans,07a18ae55dfc3cd9,Kimo Leopoldo,KO/TKO,1,9:08,1 Rnd + OT (12-3),Open Weight Bout,"December 07, 1996","Birmingham, Alabama, USA"
fa48320affd3b2b4,Ken Shamrock,63b65af1c5cb02cb,Brian Johnston,1c3f5e85b59ec710,Ken Shamrock,Submission,1,5:48,1 Rnd + OT (12-3),Open Weight Bout,"December 07, 1996","Birmingham, Alabama, USA"
f716e27b04a6fbb5,Don Frye,271fe91f4ba9d2c5,Mark Hall,18524b46c570730b,Don Frye,Submission,1,0:20,1 Rnd + OT (12-3),Open Weight Bout,"December 07, 1996","Birmingham, Alabama, USA"
c8ff8a72f3c5a825,David Abbott,b361180739bed4b0,Steve Nelmark,13e62d766b709aa6,David Abbott,KO/TKO,1,1:03,1 Rnd + OT (12-3),Open Weight Bout,"December 07, 1996","Birmingham, Alabama, USA"
d595d2c36ddba8ee,Don Frye,271fe91f4ba9d2c5,David Abbott,b361180739bed4b0,Don Frye,Submission,1,1:22,1 Rnd + 2OT (15-3-3),Ultimate Ultimate '96 Tournament Title Bout,"December 07, 1996","Birmingham, Alabama, USA"
3badedeb2c5533f4,Roberto Traven,20ec0061400178ca,Dave Berry,b3bbe88fecd6a0d2,Roberto Traven,KO/TKO,1,1:33,1 Rnd (15),Open Weight Bout,"September 20, 1996","Augusta, Georgia, USA"
b03b58b04dafa93a,Mark Coleman,21b8a0f5c231096f,Julian Sanchez,c6da1c24fe473418,Mark Coleman,Submission,1,0:45,1 Rnd (15),Open Weight Bout,"September 20, 1996","Augusta, Georgia, USA"
7149494344c04258,Brian Johnston,1c3f5e85b59ec710,Reza Nasri,d41937647eae9a34,Brian Johnston,KO/TKO,1,0:28,1 Rnd (15),Open Weight Bout,"September 20, 1996","Augusta, Georgia, USA"
398ff6015a5ba3b5,David Abbott,b361180739bed4b0,Sam Adkins,0e9869d712e81f8f,David Abbott,Submission,1,2:06,1 Rnd (15),Open Weight Bout,"September 20, 1996","Augusta, Georgia, USA"
a5200c9bac3c420b,Jerry Bohlander,93892752c5fc23ca,Fabio Gurgel,8377c5572cb356f3,Jerry Bohlander,Decision - Unanimous,1,15:00,1 Rnd (15),Open Weight Bout,"September 20, 1996","Augusta, Georgia, USA"
b633d9d9626239ec,Mark Coleman,21b8a0f5c231096f,Brian Johnston,1c3f5e85b59ec710,Mark Coleman,KO/TKO,1,2:20,1 Rnd + OT (15-3),Open Weight Bout,"September 20, 1996","Augusta, Georgia, USA"
9f6a7aee1fce539a,Scott Ferrozzo,977081bc01197656,David Abbott,b361180739bed4b0,Scott Ferrozzo,Decision - Unanimous,2,3:00,1 Rnd + OT (15-3),Open Weight Bout,"September 20, 1996","Augusta, Georgia, USA"
f59b1215176636f6,Sam Adkins,0e9869d712e81f8f,Felix Lee Mitchell,6cbb7661c3258617,Sam Adkins,Decision - Unanimous,2,3:00,1 Rnd + OT (12-3),Open Weight Bout,"July 12, 1996","Birmingham, Alabama, USA"
de2ced807ed3eb0b,Don Frye,271fe91f4ba9d2c5,Mark Hall,18524b46c570730b,Don Frye,KO/TKO,1,10:21,1 Rnd + OT (12-3),Open Weight Bout,"July 12, 1996","Birmingham, Alabama, USA"
e4acc3bb3c3e27d1,Brian Johnston,1c3f5e85b59ec710,Scott Fiedler,0ec821423baa26bd,Brian Johnston,KO/TKO,1,2:25,1 Rnd + OT (12-3),Open Weight Bout,"July 12, 1996","Birmingham, Alabama, USA"
ba65a2f56dc6a5ed,Mark Coleman,21b8a0f5c231096f,Moti Horenstein,baf942f4bcb09894,Mark Coleman,KO/TKO,1,2:43,1 Rnd + OT (12-3),Open Weight Bout,"July 12, 1996","Birmingham, Alabama, USA"
bde5589889ded1c9,Gary Goodridge,fbbde91f7bc2d3c5,John Campetella,31bbd46d57dfbcb7,Gary Goodridge,KO/TKO,1,1:28,1 Rnd + OT (12-3),Open Weight Bout,"July 12, 1996","Birmingham, Alabama, USA"
ced000124f98f276,Don Frye,271fe91f4ba9d2c5,Brian Johnston,1c3f5e85b59ec710,Don Frye,KO/TKO,1,4:37,1 Rnd + OT (12-3),Open Weight Bout,"July 12, 1996","Birmingham, Alabama, USA"
b71cb011942f3176,Mark Coleman,21b8a0f5c231096f,Gary Goodridge,fbbde91f7bc2d3c5,Mark Coleman,Submission,1,7:00,1 Rnd + OT (12-3),Open Weight Bout,"July 12, 1996","Birmingham, Alabama, USA"
6397fba14ce7f674,Mark Coleman,21b8a0f5c231096f,Don Frye,271fe91f4ba9d2c5,Mark Coleman,KO/TKO,1,11:34,1 Rnd + 2OT (15-3-3),UFC 10 Tournament Title Bout,"July 12, 1996","Birmingham, Alabama, USA"
31fc4d5d5d1a6126,Cal Worsham,de3ed2e152520c8d,Zane Frazier,d3711d3784b76255,Cal Worsham,KO/TKO,1,3:14,1 Rnd + OT (12-3),Open Weight Bout,"May 17, 1996","Detroit, Michigan, USA"
c89017008da245be,Rafael Carino,08a7080ff5904661,Matt Andersen,8738eacd62e82a32,Rafael Carino,KO/TKO,1,5:32,1 Rnd + OT (12-3),Open Weight Bout,"May 17, 1996","Detroit, Michigan, USA"
ca62a52ab0bd9108,Mark Schultz,c1684f00c626f4c0,Gary Goodridge,fbbde91f7bc2d3c5,Mark Schultz,TKO - Doctor's Stoppage,1,12:00,1 Rnd + OT (12-3),Open Weight Bout,"May 17, 1996","Detroit, Michigan, USA"
378ede9e541c82f9,Mark Hall,18524b46c570730b,Koji Kitao,2a6f8136da1e52c0,Mark Hall,TKO - Doctor's Stoppage,1,0:47,1 Rnd + OT (12-3),Open Weight Bout,"May 17, 1996","Detroit, Michigan, USA"
db845f2e28c22b4c,Don Frye,271fe91f4ba9d2c5,Amaury Bitetti,7a359ef685a304a7,Don Frye,KO/TKO,1,9:30,1 Rnd + OT (12-3),Open Weight Bout,"May 17, 1996","Detroit, Michigan, USA"
6a060498e60756af,Dan Severn,c670aa48827d6be6,Ken Shamrock,63b65af1c5cb02cb,Dan Severn,Decision - Split,3,3:00,1 Rnd + 2OT (24-3-3),UFC Superfight Championship Bout,"May 17, 1996","Detroit, Michigan, USA"
3cf6583153078f8f,Don Frye,271fe91f4ba9d2c5,Thomas Ramirez,ea398c802d9998ee,Don Frye,KO/TKO,1,0:08,1 Rnd (10),Open Weight Bout,"February 16, 1996","San Juan, Puerto Rico"
16cb0064575e2b0b,Paul Varelans,07a18ae55dfc3cd9,Joe Moreira,df85d6ec3493d120,Paul Varelans,Decision - Unanimous,1,10:00,1 Rnd (10),Open Weight Bout,"February 16, 1996","San Juan, Puerto Rico"
ab7390e549e28893,Jerry Bohlander,93892752c5fc23ca,Scott Ferrozzo,977081bc01197656,Jerry Bohlander,Submission,1,9:03,1 Rnd (10),Open Weight Bout,"February 16, 1996","San Juan, Puerto Rico"
8312985b75241b06,Gary Goodridge,fbbde91f7bc2d3c5,Paul Herrera,440c9dbab63528fb,Gary Goodridge,KO/TKO,1,0:13,1 Rnd (10),Open Weight Bout,"February 16, 1996","San Juan, Puerto Rico"
90bce37a788afeaa,Don Frye,271fe91f4ba9d2c5,Sam Adkins,0e9869d712e81f8f,Don Frye,TKO - Doctor's Stoppage,1,0:48,1 Rnd (10),Open Weight Bout,"February 16, 1996","San Juan, Puerto Rico"
f5156ca4dcd2a0e3,Gary Goodridge,fbbde91f7bc2d3c5,Jerry Bohlander,93892752c5fc23ca,Gary Goodridge,KO/TKO,1,5:31,1 Rnd (10),Open Weight Bout,"February 16, 1996","San Juan, Puerto Rico"
16b4a0b06427f1ac,Ken Shamrock,63b65af1c5cb02cb,Kimo Leopoldo,08ae5cd9aef7ddd3,Ken Shamrock,Submission,1,4:24,1 Rnd + 2OT (15-3-3),UFC Superfight Championship Bout,"February 16, 1996","San Juan, Puerto Rico"
8d2e99599124a16f,Don Frye,271fe91f4ba9d2c5,Gary Goodridge,fbbde91f7bc2d3c5,Don Frye,KO/TKO,1,2:14,1 Rnd + 2OT (15-3-3),UFC 8 Tournament Title Bout,"February 16, 1996","San Juan, Puerto Rico"
7ffcc3a72e082ace,Mark Hall,18524b46c570730b,Trent Jenkins,02fc8f50f56eb307,Mark Hall,Submission,1,5:29,1 Rnd (15),Open Weight Bout,"December 16, 1995","Denver, Colorado, USA"
6b0430e9c97afec7,David Abbott,b361180739bed4b0,Steve Jennum,ad047e3073a775f3,David Abbott,Submission,1,1:14,1 Rnd (15),Open Weight Bout,"December 16, 1995","Denver, Colorado, USA"
8cc976ee1a123fb8,Dan Severn,c670aa48827d6be6,Paul Varelans,07a18ae55dfc3cd9,Dan Severn,Submission,1,1:01,1 Rnd (15),Open Weight Bout,"December 16, 1995","Denver, Colorado, USA"
3e39aac3e15d75bd,Marco Ruas,597db668b01c442c,Keith Hackney,bf12aca029bfcc47,Marco Ruas,Submission,1,2:39,1 Rnd (15),Open Weight Bout,"December 16, 1995","Denver, Colorado, USA"
d45f9dfdb75a640f,Oleg Taktarov,1dc56b59cb28425d,Dave Beneteau,9fd1f08dd4aec14a,Oleg Taktarov,Submission,1,1:15,1 Rnd (15),Open Weight Bout,"December 16, 1995","Denver, Colorado, USA"
0d872527bbb3cd40,Dan Severn,c670aa48827d6be6,David Abbott,b361180739bed4b0,Dan Severn,Decision - Unanimous,1,18:00,1 Rnd (18),Open Weight Bout,"December 16, 1995","Denver, Colorado, USA"
717f3c3932279196,Oleg Taktarov,1dc56b59cb28425d,Marco Ruas,597db668b01c442c,Oleg Taktarov,Decision - Unanimous,1,18:00,1 Rnd (18),Open Weight Bout,"December 16, 1995","Denver, Colorado, USA"
524b49a676498c6d,Dan Severn,c670aa48827d6be6,Oleg Taktarov,1dc56b59cb28425d,Dan Severn,Decision - Unanimous,2,3:00,1 Rnd + OT (27-3),Ultimate Ultimate '95 Tournament Title Bout,"December 16, 1995","Denver, Colorado, USA"
e4fe950846b51bdf,Onassis Parungao,96d173b7f92aa520,Francesco Maturi,d3b5ad3b15a64a18,Onassis Parungao,KO/TKO,1,5:26,1 Rnd (20),Open Weight Bout,"September 08, 1995","Buffalo, New York, USA"
e9ce3a28eeb83905,Scott Bessac,3f24c96753dbd9f9,David Hood,5af480a3b2e1726b,Scott Bessac,Submission,1,0:31,1 Rnd (20),Open Weight Bout,"September 08, 1995","Buffalo, New York, USA"
869d753568a114a6,Paul Varelans,07a18ae55dfc3cd9,Gerry Harris,30cd319d39ee689b,Paul Varelans,KO/TKO,1,1:05,1 Rnd (20),Open Weight Bout,"September 08, 1995","Buffalo, New York, USA"
fcf632627ce40195,Mark Hall,18524b46c570730b,Harold Howard,a2b06ca02bca14c0,Mark Hall,KO/TKO,1,1:41,1 Rnd (20),Open Weight Bout,"September 08, 1995","Buffalo, New York, USA"
ef2ccb690dcd943f,Remco Pardoel,749685d24e2cac50,Ryan Parker,6a0b80a24f22e152,Remco Pardoel,Submission,1,3:05,1 Rnd (20),Open Weight Bout,"September 08, 1995","Buffalo, New York, USA"
9ebb7bba0b45d517,Marco Ruas,597db668b01c442c,Larry Cureton,46f11d15c0134fe3,Marco Ruas,Submission,1,3:23,1 Rnd (20),Open Weight Bout,"September 08, 1995","Buffalo, New York, USA"
62bb4ea8bf86790c,Paul Varelans,07a18ae55dfc3cd9,Mark Hall,18524b46c570730b,Paul Varelans,Submission,1,1:01,1 Rnd (20),Open Weight Bout,"September 08, 1995","Buffalo, New York, USA"
99d98a2d278bfa1f,Marco Ruas,597db668b01c442c,Remco Pardoel,749685d24e2cac50,Marco Ruas,Submission,1,12:27,1 Rnd (20),Open Weight Bout,"September 08, 1995","Buffalo, New York, USA"
3932f8e9a74f3d11,Ken Shamrock,63b65af1c5cb02cb,Oleg Taktarov,1dc56b59cb28425d,Draw,Other,2,3:00,1 Rnd + OT (30-3),UFC Superfight Championship Bout,"September 08, 1995","Buffalo, New York, USA"
e7ca291dd8f5661b,Marco Ruas,597db668b01c442c,Paul Varelans,07a18ae55dfc3cd9,Marco Ruas,KO/TKO,1,13:17,1 Rnd + OT (30-5),UFC 7 Tournament Title Bout,"September 08, 1995","Buffalo, New York, USA"
8e03db41687d9132,Anthony Macias,dedc3bb440d09554,He-Man Gipson,3e03cec9767d37e6,Anthony Macias,KO/TKO,1,3:06,1 Rnd (20),Open Weight Bout,"July 14, 1995","Casper, Wyoming, USA"
88945d70ee6c6467,David Abbott,b361180739bed4b0,John Matua,c933d423ebdbbbdb,David Abbott,KO/TKO,1,0:20,1 Rnd (20),Open Weight Bout,"July 14, 1995","Casper, Wyoming, USA"
547295977141cbc2,Paul Varelans,07a18ae55dfc3cd9,Cal Worsham,de3ed2e152520c8d,Paul Varelans,KO/TKO,1,1:02,1 Rnd (20),Open Weight Bout,"July 14, 1995","Casper, Wyoming, USA"
e2b32e1683a566af,Patrick Smith,46c8ec317aff28ac,Rudyard Moncayo,02d276b7d62b3472,Patrick Smith,Submission,1,1:08,1 Rnd (20),Open Weight Bout,"July 14, 1995","Casper, Wyoming, USA"
5d19fa2df1cb61a2,Oleg Taktarov,1dc56b59cb28425d,Dave Beneteau,9fd1f08dd4aec14a,Oleg Taktarov,Submission,1,0:57,1 Rnd (20),Open Weight Bout,"July 14, 1995","Casper, Wyoming, USA"
43f6b0c40113d0d8,David Abbott,b361180739bed4b0,Paul Varelans,07a18ae55dfc3cd9,David Abbott,KO/TKO,1,1:53,1 Rnd (20),Open Weight Bout,"July 14, 1995","Casper, Wyoming, USA"
3c2c7c095c79a506,Oleg Taktarov,1dc56b59cb28425d,Anthony Macias,dedc3bb440d09554,Oleg Taktarov,Submission,1,0:09,1 Rnd (20),Open Weight Bout,"July 14, 1995","Casper, Wyoming, USA"
d62aec55bc142346,Ken Shamrock,63b65af1c5cb02cb,Dan Severn,c670aa48827d6be6,Ken Shamrock,Submission,1,2:14,1 Rnd + OT (30-5),UFC Superfight Championship Bout,"July 14, 1995","Casper, Wyoming, USA"
66c029f49d3c5da6,Oleg Taktarov,1dc56b59cb28425d,David Abbott,b361180739bed4b0,Oleg Taktarov,Submission,1,17:45,1 Rnd + OT (30-5),UFC 6 Tournament Title Bout,"July 14, 1995","Casper, Wyoming, USA"
fa152ada833de1d4,Guy Mezger,946f341df6472ee0,John Dowdy,e780ccc79a209985,Guy Mezger,KO/TKO,1,2:02,1 Rnd (20),Open Weight Bout,"April 07, 1995","Charlotte, North Carolina, USA"
fa3b940bd48da7e2,Jon Hess,32a3025d5db456ae,Andy Anderson,9199e0735b83dd32,Jon Hess,KO/TKO,1,1:23,1 Rnd (20),Open Weight Bout,"April 07, 1995","Charlotte, North Carolina, USA"
43c2c904e1574c59,Todd Medina,b60391da771deefe,Larry Cureton,46f11d15c0134fe3,Todd Medina,Submission,1,2:55,1 Rnd (20),Open Weight Bout,"April 07, 1995","Charlotte, North Carolina, USA"
ebfe035b70080668,Oleg Taktarov,1dc56b59cb28425d,Ernie Verdicia,2b1587a3376ab743,Oleg Taktarov,Submission,1,2:23,1 Rnd (20),Open Weight Bout,"April 07, 1995","Charlotte, North Carolina, USA"
2308e0da38efd4ba,Dan Severn,c670aa48827d6be6,Joe Charles,19ffeb5e3fffd6d5,Dan Severn,Submission,1,1:38,1 Rnd (20),Open Weight Bout,"April 07, 1995","Charlotte, North Carolina, USA"
db4c169722cf1e33,Dave Beneteau,9fd1f08dd4aec14a,Todd Medina,b60391da771deefe,Dave Beneteau,KO/TKO,1,2:12,1 Rnd (20),Open Weight Bout,"April 07, 1995","Charlotte, North Carolina, USA"
cbf3fc8730b4ad09,Dan Severn,c670aa48827d6be6,Oleg Taktarov,1dc56b59cb28425d,Dan Severn,TKO - Doctor's Stoppage,1,4:21,1 Rnd (20),Open Weight Bout,"April 07, 1995","Charlotte, North Carolina, USA"
db8df615610f3632,Ken Shamrock,63b65af1c5cb02cb,Royce Gracie,429e7d3725852ce9,Draw,Other,2,5:00,1 Rnd + OT (31-5),UFC Superfight Championship Bout,"April 07, 1995","Charlotte, North Carolina, USA"
6ca94b35719eb300,Dan Severn,c670aa48827d6be6,Dave Beneteau,9fd1f08dd4aec14a,Dan Severn,Submission,1,3:01,1 Rnd (30),UFC 5 Tournament Title Bout,"April 07, 1995","Charlotte, North Carolina, USA"
b80e6a799c95d499,Marcus Bossett,e8fb8e53bc2e29d6,Eldo Xavier Dias,ee5df903f80c6816,Marcus Bossett,KO/TKO,1,4:55,No Time Limit,Open Weight Bout,"December 16, 1994","Tulsa, Oklahoma, USA"
8f8f47a728c3127e,Guy Mezger,946f341df6472ee0,Jason Fairn,adea9f0090aa8e14,Guy Mezger,KO/TKO,1,2:13,No Time Limit,Open Weight Bout,"December 16, 1994","Tulsa, Oklahoma, USA"
0b71ada6c9209fc9,Royce Gracie,429e7d3725852ce9,Ron van Clief,23ab42947c1990e3,Royce Gracie,Submission,1,3:49,No Time Limit,Open Weight Bout,"December 16, 1994","Tulsa, Oklahoma, USA"
ccccc0a22b05eac6,Keith Hackney,bf12aca029bfcc47,Joe Son,83b743fedde154fb,Keith Hackney,Submission,1,2:44,No Time Limit,Open Weight Bout,"December 16, 1994","Tulsa, Oklahoma, USA"
7e7d7a488ea21f63,Steve Jennum,ad047e3073a775f3,Melton Bowen,81ca2c245b19b3c5,Steve Jennum,Submission,1,4:47,No Time Limit,Open Weight Bout,"December 16, 1994","Tulsa, Oklahoma, USA"
040ecf01338dff9e,Dan Severn,c670aa48827d6be6,Anthony Macias,dedc3bb440d09554,Dan Severn,Submission,1,1:45,No Time Limit,Open Weight Bout,"December 16, 1994","Tulsa, Oklahoma, USA"
9c74c2758a2c7c2e,Royce Gracie,429e7d3725852ce9,Keith Hackney,bf12aca029bfcc47,Royce Gracie,Submission,1,5:32,No Time Limit,Open Weight Bout,"December 16, 1994","Tulsa, Oklahoma, USA"
e65a23b80c869456,Dan Severn,c670aa48827d6be6,Marcus Bossett,e8fb8e53bc2e29d6,Dan Severn,Submission,1,0:52,No Time Limit,Open Weight Bout,"December 16, 1994","Tulsa, Oklahoma, USA"
f29eec19aa5c1303,Royce Gracie,429e7d3725852ce9,Dan Severn,c670aa48827d6be6,Royce Gracie,Submission,1,15:49,No Time Limit,UFC 4 Tournament Title Bout,"December 16, 1994","Tulsa, Oklahoma, USA"
56315d5ac11594a5,Ken Shamrock,63b65af1c5cb02cb,Christophe Leninger,7269329bd87eb479,Ken Shamrock,KO/TKO,1,4:49,No Time Limit,Open Weight Bout,"September 09, 1994","Charlotte, North Carolina, USA"
ca837b002a318766,Harold Howard,a2b06ca02bca14c0,Roland Payne,2e04a3b4a2011b97,Harold Howard,KO/TKO,1,0:46,No Time Limit,Open Weight Bout,"September 09, 1994","Charlotte, North Carolina, USA"
f65b000b7e450bcf,Royce Gracie,429e7d3725852ce9,Kimo Leopoldo,08ae5cd9aef7ddd3,Royce Gracie,Submission,1,4:40,No Time Limit,Open Weight Bout,"September 09, 1994","Charlotte, North Carolina, USA"
5167a5aec41f8b6d,Ken Shamrock,63b65af1c5cb02cb,Felix Lee Mitchell,6cbb7661c3258617,Ken Shamrock,Submission,1,4:34,No Time Limit,Open Weight Bout,"September 09, 1994","Charlotte, North Carolina, USA"
323f543eb8abdb36,Steve Jennum,ad047e3073a775f3,Harold Howard,a2b06ca02bca14c0,Steve Jennum,KO/TKO,1,1:27,No Time Limit,UFC 3 Tournament Title Bout,"September 09, 1994","Charlotte, North Carolina, USA"
4b9ae533ccb3fcdf,Patrick Smith,46c8ec317aff28ac,Ray Wizard,ea0ad155451ed1f5,Patrick Smith,Submission,1,0:58,No Time Limit,Open Weight Bout,"March 11, 1994","Denver, Colorado, USA"
ccee020be2e8d9f6,Johnny Rhodes,319fa1bd3176bded,David Levicki,49590e0508b2c19f,Johnny Rhodes,KO/TKO,1,12:13,No Time Limit,Open Weight Bout,"March 11, 1994","Denver, Colorado, USA"
d917c8c7461b9831,Frank Hamaker,c3c23c99477c041b,Thaddeus Luster,505934897b8b4824,Frank Hamaker,Submission,1,4:52,No Time Limit,Open Weight Bout,"March 11, 1994","Denver, Colorado, USA"
3b020d4914b44fc8,Orlando Wiet,a6c2f5381d575920,Robert Lucarelli,96087e90d900f0ef,Orlando Wiet,KO/TKO,1,2:50,No Time Limit,Open Weight Bout,"March 11, 1994","Denver, Colorado, USA"
17ee4caf06981b81,Remco Pardoel,749685d24e2cac50,Alberta Cerra Leon,6e02c318762f52f1,Remco Pardoel,Submission,1,9:51,No Time Limit,Open Weight Bout,"March 11, 1994","Denver, Colorado, USA"
c53325be8ce33b8b,Jason DeLucia,6ceff86fae4f6b3b,Scott Baker,7d5b12de1625984e,Jason DeLucia,Submission,1,6:41,No Time Limit,Open Weight Bout,"March 11, 1994","Denver, Colorado, USA"
fcd8e8ec45eb6b9f,Royce Gracie,429e7d3725852ce9,Minoki Ichihara,4565d435005319c0,Royce Gracie,Submission,1,5:08,No Time Limit,Open Weight Bout,"March 11, 1994","Denver, Colorado, USA"
8ea72cf82fac07f6,Patrick Smith,46c8ec317aff28ac,Scott Morris,be9d259be012e8a4,Patrick Smith,KO/TKO,1,0:30,No Time Limit,Open Weight Bout,"March 11, 1994","Denver, Colorado, USA"
b72acedda7ddc006,Johnny Rhodes,319fa1bd3176bded,Fred Ettish,8d5daf67983b65ba,Johnny Rhodes,Submission,1,3:07,No Time Limit,Open Weight Bout,"March 11, 1994","Denver, Colorado, USA"
c4aa04781989699e,Remco Pardoel,749685d24e2cac50,Orlando Wiet,a6c2f5381d575920,Remco Pardoel,KO/TKO,1,1:29,No Time Limit,Open Weight Bout,"March 11, 1994","Denver, Colorado, USA"
5655639baecd8f6a,Royce Gracie,429e7d3725852ce9,Jason DeLucia,6ceff86fae4f6b3b,Royce Gracie,Submission,1,1:07,No Time Limit,Open Weight Bout,"March 11, 1994","Denver, Colorado, USA"
8fbdde20b712b8da,Patrick Smith,46c8ec317aff28ac,Johnny Rhodes,319fa1bd3176bded,Patrick Smith,Submission,1,1:07,No Time Limit,Open Weight Bout,"March 11, 1994","Denver, Colorado, USA"
aa161c7159741766,Royce Gracie,429e7d3725852ce9,Remco Pardoel,749685d24e2cac50,Royce Gracie,Submission,1,1:31,No Time Limit,Open Weight Bout,"March 11, 1994","Denver, Colorado, USA"
00835554f95fa911,Royce Gracie,429e7d3725852ce9,Patrick Smith,46c8ec317aff28ac,Royce Gracie,KO/TKO,1,1:17,No Time Limit,UFC 2 Tournament Title Bout,"March 11, 1994","Denver, Colorado, USA"
b80872821bc4f6ba,Laverne Clark,1c2f2571b18791b6,Josh Stuart,601cf40c09090853,Laverne Clark,KO/TKO,1,1:15,1 Rnd (12),Lightweight Bout,"March 13, 1998","New Orleans, Louisiana, USA"
ea535b46e0f69ad3,Chuck Liddell,a390eb8a9b2df298,Noe Hernandez,df2cf66d8c0123db,Chuck Liddell,Decision - Unanimous,1,12:00,1 Rnd (12),Middleweight Bout,"May 15, 1998","Mobile, Alabama, USA"
635fbf57001897c7,Cesar Marscucci,e8efeb9cf33b1941,Paulo Santos,7ca4c3f8aa8bacae,Cesar Marscucci,KO/TKO,1,10:27,1 Rnd + OT (12-3),Lightweight Bout,"October 16, 1998","Sao Paulo, Brazil"
0cf7636471fc5e45,Laverne Clark,1c2f2571b18791b6,Frank Caracci,44f9c777fed7ca03,Laverne Clark,KO/TKO,1,6:52,1 Rnd + OT (12-3),Lightweight Bout,"January 08, 1999","New Orleans, Louisiana, USA"
03afd7b6a217aaac,Sione Latu,5898357a45a73674,Joey Roberts,c058823a2595ab09,Sione Latu,TKO - Doctor's Stoppage,1,10:01,1 Rnd + OT (12-3),Heavyweight Bout,"March 05, 1999","Bay St. Louis, Mississippi, USA"
79f9086932f21016,Ron Waterman,efaf544314bb5c2e,Chris Condo,41e77dc504a192c6,Ron Waterman,KO/TKO,1,0:28,1 Rnd + OT (12-3),Heavyweight Bout,"May 07, 1999","Birmingham, Alabama, USA"
1db8bed8b4d30fb3,Travis Fulton,911fb265462f0d94,David Dodd,c2a7623f398d9bd7,Travis Fulton,Decision - Unanimous,2,5:00,2 Rnd (5-5),Heavyweight Bout,"July 16, 1999","Cedar Rapids, Iowa, USA"
a1c1e3c1e9c6cf1e,Jens Pulver,44260175069b6276,Alfonso Alcarez,1e38bba6738b7b10,Draw,Decision - Majority,2,5:00,2 Rnd (5-5),Lightweight Bout,"September 24, 1999","Lake Charles, Louisiana, USA"
ee1950e871aa5cc2,Katsuhisa Fujii,d71d968dc6ecfdaf,Masutatsu Yano,d56caaa5e123f518,Katsuhisa Fujii,KO/TKO,2,3:12,3 Rnd (5-5-5),Open Weight Bout,"November 19, 1999","Chiba, Japan"
77f9b97f62f373b0,Shonie Carter,7b6e40a73b567072,Brad Gumm,4d74641fac830182,Shonie Carter,Decision - Unanimous,2,5:00,2 Rnd (5-5),Lightweight Bout,"March 10, 2000","Lake Charles, Louisiana, USA"
cf8fe599f0b44fd5,Laverne Clark,1c2f2571b18791b6,Koji Oishi,01daf32100ed7517,Laverne Clark,Decision - Majority,3,5:00,3 Rnd (5-5-5),Lightweight Bout,"April 14, 2000","Tokyo, Japan"
85f28a8276a141b6,Shonie Carter,7b6e40a73b567072,Adrian Serrano,e7ec11096eac0282,Shonie Carter,Decision - Unanimous,2,5:00,2 Rnd (5-5),Welterweight Bout,"June 09, 2000","Cedar Rapids, Iowa, USA"
c078544a32e18ba3,Brad Gumm,4d74641fac830182,CJ Fernandes,979f7edbb6980b0d,Draw,Decision - Unanimous,2,5:00,2 Rnd (5-5),Welterweight Bout,"September 22, 2000","New Orleans, Louisiana, USA"
4aef975838bc19ec,Ben Earwood,ee457ef1e1c326c1,Chris Lytle,91acd6910b802a9e,Ben Earwood,Decision - Unanimous,2,5:00,2 Rnd (5-5),Welterweight Bout,"November 17, 2000","Atlantic City, New Jersey, USA"
9ea4087371f7a892,Chuck Liddell,a390eb8a9b2df298,Jeff Monson,cbfd1d34356a004c,Chuck Liddell,Decision - Unanimous,3,5:00,3 Rnd (5-5-5),Middleweight Bout,"December 16, 2000","Tokyo, Japan"
bfb468c3427faa50,Sean Sherk,029880cdbf5ca089,Tiki Ghosn,cb6783c39c01d896,Sean Sherk,Submission,2,4:47,2 Rnd (5-5),Welterweight Bout,"February 23, 2001","Atlantic City, New Jersey, USA"
49693a06fc1d8906,Tony DeSouza,6ad9058b7c7898b0,Steve Berger,21b1132949f2a9b0,Tony DeSouza,Decision - Unanimous,3,5:00,3 Rnd (5-5-5),Welterweight Bout,"May 04, 2001","Atlantic City, New Jersey, USA"
97a4b37cee48ea0b,BJ Penn,73c7cfa551289285,Joey Gilbert,6bb1d2b714d4b3bc,BJ Penn,KO/TKO,1,4:57,3 Rnd (5-5-5),Lightweight Bout,"May 04, 2001","Atlantic City, New Jersey, USA"
ef99fb08c6b06963,Matt Lindland,0e041d43a47d2e4b,Ricardo Almeida,91186547a7f3f758,Matt Lindland,DQ,3,4:21,3 Rnd (5-5-5),Light Heavyweight Bout,"May 04, 2001","Atlantic City, New Jersey, USA"
7a018ddd9239e45f,Semmy Schilt,d5ed14b2153c6ed2,Pete Williams,6291ac0a3726732f,Semmy Schilt,KO/TKO,2,1:28,3 Rnd (5-5-5),Heavyweight Bout,"May 04, 2001","Atlantic City, New Jersey, USA"
0434a68809885ea1,Shonie Carter,7b6e40a73b567072,Matt Serra,86dfed7cc24a9fa7,Shonie Carter,KO/TKO,3,4:51,3 Rnd (5-5-5),Welterweight Bout,"May 04, 2001","Atlantic City, New Jersey, USA"
c0be83e56601e7ce,Chuck Liddell,a390eb8a9b2df298,Kevin Randleman,6859f67468ba8489,Chuck Liddell,KO/TKO,1,1:18,3 Rnd (5-5-5),Light Heavyweight Bout,"May 04, 2001","Atlantic City, New Jersey, USA"
34ab72077963ee74,Carlos Newton,952f6fa06f25a0ec,Pat Miletich,cedfdf8d423d500c,Carlos Newton,Submission,3,2:50,5 Rnd (5-5-5-5-5),UFC Welterweight Title Bout,"May 04, 2001","Atlantic City, New Jersey, USA"
6f62436ae042009b,Randy Couture,0aa92558424ced9e,Pedro Rizzo,b44f39a5c6596953,Randy Couture,Decision - Unanimous,5,5:00,5 Rnd (5-5-5-5-5),UFC Heavyweight Title Bout,"May 04, 2001","Atlantic City, New Jersey, USA"
a949b05c64e43131,Phil Baroni,1652f3213655b935,Curtis Stout,e09dbbd5fe3f0fe2,Phil Baroni,Decision - Unanimous,2,5:00,2 Rnd (5-5),Middleweight Bout,"February 23, 2001","Atlantic City, New Jersey, USA"
651da45cc83ce011,Bobby Hoffman,afaad7d6a581e307,Mark Robinson,4604ab1de9058474,NC,Overturned,1,3:27,2 Rnd (5-5),Heavyweight Bout,"February 23, 2001","Atlantic City, New Jersey, USA"
75a401066ad784f6,Pedro Rizzo,b44f39a5c6596953,Josh Barnett,ad3f53c454cbbead,Pedro Rizzo,KO/TKO,2,4:21,3 Rnd (5-5-5),Heavyweight Bout,"February 23, 2001","Atlantic City, New Jersey, USA"
4a1f37200bc69376,Elvis Sinosic,817e0bdf08efce2e,Jeremy Horn,8d26912cd2aeb366,Elvis Sinosic,Submission,1,2:52,3 Rnd (5-5-5),Middleweight Bout,"February 23, 2001","Atlantic City, New Jersey, USA"
74d0da1f9df17b9e,Fabiano Iha,263ebd4a669e1e98,Phil Johns,a8fa0c4e95512806,Fabiano Iha,Submission,1,1:40,3 Rnd (5-5-5),Welterweight Bout,"February 23, 2001","Atlantic City, New Jersey, USA"
a38ec65ac140fcf8,Jens Pulver,44260175069b6276,Caol Uno,eb1723480fa2f96c,Jens Pulver,Decision - Unanimous,5,5:00,5 Rnd (5-5-5-5-5),UFC Lightweight Title Bout,"February 23, 2001","Atlantic City, New Jersey, USA"
f8820294bbe01486,Tito Ortiz,2f732dd9210d301f,Evan Tanner,8f2d9ee27f206f1f,Tito Ortiz,KO/TKO,1,0:32,5 Rnd (5-5-5-5-5),UFC Light Heavyweight Title Bout,"February 23, 2001","Atlantic City, New Jersey, USA"
3c49bf20e4442a81,Dennis Hallman,8a8a84b743ae7699,Matt Hughes,621a6c59f88a44fe,Dennis Hallman,Submission,1,0:20,3 Rnd (5-5-5),Welterweight Bout,"December 16, 2000","Tokyo, Japan"
019eca4a900ed793,Evan Tanner,8f2d9ee27f206f1f,Lance Gibson,63eedfcc73071d41,Evan Tanner,KO/TKO,1,4:58,3 Rnd (5-5-5),Middleweight Bout,"December 16, 2000","Tokyo, Japan"
5a4f6ff454b1eeb8,Fabiano Iha,263ebd4a669e1e98,Daiju Takase,4f74c8be51db8a37,Fabiano Iha,KO/TKO,1,2:24,3 Rnd (5-5-5),Welterweight Bout,"December 16, 2000","Tokyo, Japan"
c39728802a8409ee,Matt Lindland,0e041d43a47d2e4b,Yoji Anjo,e06fd1260ac865a7,Matt Lindland,KO/TKO,1,2:58,3 Rnd (5-5-5),Middleweight Bout,"December 16, 2000","Tokyo, Japan"
53a736ebc356cc4a,Pat Miletich,cedfdf8d423d500c,Kenichi Yamamoto,9f488f520ed25bbf,Pat Miletich,Submission,2,1:58,5 Rnd (5-5-5-5-5),UFC Welterweight Title Bout,"December 16, 2000","Tokyo, Japan"
2783ccf179321171,Tito Ortiz,2f732dd9210d301f,Yuki Kondo,1fe7adb23b3eedfb,Tito Ortiz,Submission,1,1:52,5 Rnd (5-5-5-5-5),UFC Light Heavyweight Title Bout,"December 16, 2000","Tokyo, Japan"
b85ce7371fb18305,Mark Hughes,d62bb4d84a7267ba,Alex Stiebling,df5a77121ba84a5d,Mark Hughes,Decision - Unanimous,2,5:00,2 Rnd (5-5),Middleweight Bout,"November 17, 2000","Atlantic City, New Jersey, USA"
be8e34d585be9dc7,Jens Pulver,44260175069b6276,John Lewis,4a01dc8376736ef5,Jens Pulver,KO/TKO,1,0:15,3 Rnd (5-5-5),Lightweight Bout,"November 17, 2000","Atlantic City, New Jersey, USA"
91cef206019c119e,Andrei Arlovski,3738e68d2261e60f,Aaron Brink,cf1a88371c8cb690,Andrei Arlovski,Submission,1,0:55,3 Rnd (5-5-5),Heavyweight Bout,"November 17, 2000","Atlantic City, New Jersey, USA"
e4df2b73dff57d3a,Josh Barnett,ad3f53c454cbbead,Gan McGee,d90b630e0561818b,Josh Barnett,KO/TKO,2,4:34,3 Rnd (5-5-5),Super Heavyweight Bout,"November 17, 2000","Atlantic City, New Jersey, USA"
40d31c37e00d6d0b,Renato Sobral,d468288756ae3982,Maurice Smith,33e33d51f289d2a1,Renato Sobral,Decision - Majority,3,5:00,3 Rnd (5-5-5),Heavyweight Bout,"November 17, 2000","Atlantic City, New Jersey, USA"
10cca6f437922b6c,Randy Couture,0aa92558424ced9e,Kevin Randleman,6859f67468ba8489,Randy Couture,KO/TKO,3,4:13,5 Rnd (5-5-5-5-5),UFC Heavyweight Title Bout,"November 17, 2000","Atlantic City, New Jersey, USA"
075dee476361e83e,Jeff Monson,cbfd1d34356a004c,Tim Lajcik,c7e9d15cfce52f1d,Jeff Monson,Decision - Unanimous,2,5:00,2 Rnd (5-5),Heavyweight Bout,"September 22, 2000","New Orleans, Louisiana, USA"
ae54f944d1ba378f,Ian Freeman,b4bc2e3353a770b5,Tedd Williams,b63e800c18e011b5,Ian Freeman,Decision - Unanimous,3,5:00,3 Rnd (5-5-5),Heavyweight Bout,"September 22, 2000","New Orleans, Louisiana, USA"
8a9a37d68cc428d6,Yuki Kondo,1fe7adb23b3eedfb,Alexandre Dantas,8dc46e9a7895ce1a,Yuki Kondo,KO/TKO,3,2:28,3 Rnd (5-5-5),Middleweight Bout,"September 22, 2000","New Orleans, Louisiana, USA"
0bec32c32da199ed,Fabiano Iha,263ebd4a669e1e98,Laverne Clark,1c2f2571b18791b6,Fabiano Iha,Submission,1,1:10,3 Rnd (5-5-5),Welterweight Bout,"September 22, 2000","New Orleans, Louisiana, USA"
3ef7c2b26af8cf22,Jeremy Horn,8d26912cd2aeb366,Eugene Jackson,ce783bf73b5131f9,Jeremy Horn,Submission,1,4:32,3 Rnd (5-5-5),Middleweight Bout,"September 22, 2000","New Orleans, Louisiana, USA"
c5bec85a32462995,Maurice Smith,33e33d51f289d2a1,Bobby Hoffman,afaad7d6a581e307,Maurice Smith,Decision - Split,3,5:00,3 Rnd (5-5-5),Heavyweight Bout,"September 22, 2000","New Orleans, Louisiana, USA"
794ec0a93eca0492,Pedro Rizzo,b44f39a5c6596953,Dan Severn,c670aa48827d6be6,Pedro Rizzo,KO/TKO,1,1:33,3 Rnd (5-5-5),Heavyweight Bout,"September 22, 2000","New Orleans, Louisiana, USA"
7edac7a0a2f72f28,Ian Freeman,b4bc2e3353a770b5,Nate Schroeder,040426baba8a45e8,Ian Freeman,KO/TKO,2,2:13,2 Rnd (5-5),Heavyweight Bout,"June 09, 2000","Cedar Rapids, Iowa, USA"
8452f6d5a1450cfb,Jens Pulver,44260175069b6276,Joao Roque,0f6528b461e47462,Jens Pulver,Decision - Unanimous,3,5:00,3 Rnd (5-5-5),Lightweight Bout,"June 09, 2000","Cedar Rapids, Iowa, USA"
d84f88ac792e8c53,Matt Hughes,621a6c59f88a44fe,Marcelo Aguiar,44aa652b181bcf68,Matt Hughes,TKO - Doctor's Stoppage,1,4:34,3 Rnd (5-5-5),Welterweight Bout,"June 09, 2000","Cedar Rapids, Iowa, USA"
a0dfc397caef4afe,Amaury Bitetti,7a359ef685a304a7,Alex Andrade,1562b12763cc8d67,Amaury Bitetti,DQ,2,0:43,3 Rnd (5-5-5),Middleweight Bout,"June 09, 2000","Cedar Rapids, Iowa, USA"
f0b2020d11a0cf94,Pat Miletich,cedfdf8d423d500c,John Alessio,7a15f3694c5cbc02,Pat Miletich,Submission,2,1:43,3 Rnd (5-5-5),UFC Welterweight Title Bout,"June 09, 2000","Cedar Rapids, Iowa, USA"
60e5b2c1bdaa203e,Tyrone Roberts,d1e6a6536ee62517,David Dodd,c2a7623f398d9bd7,Tyrone Roberts,Decision - Unanimous,3,5:00,3 Rnd (5-5-5),Middleweight Bout,"June 09, 2000","Cedar Rapids, Iowa, USA"
cef1b43c77e02635,Kevin Randleman,6859f67468ba8489,Pedro Rizzo,b44f39a5c6596953,Kevin Randleman,Decision - Unanimous,5,5:00,5 Rnd (5-5-5-5-5),UFC Heavyweight Title Bout,"June 09, 2000","Cedar Rapids, Iowa, USA"
9397493152c0669a,Ikuhisa Minowa,ce6065baef021cf3,Joe Slick,80e6d71e14c1d356,Ikuhisa Minowa,TKO - Doctor's Stoppage,3,1:54,3 Rnd (5-5-5),Middleweight Bout,"April 14, 2000","Tokyo, Japan"
f6066d192a16f5ff,Ron Waterman,efaf544314bb5c2e,Satoshi Honma,d2b1c1317a39f6c6,Ron Waterman,Decision - Unanimous,3,5:00,3 Rnd (5-5-5),Heavyweight Bout,"April 14, 2000","Tokyo, Japan"
ba8b1ed5b05a719a,Sanae Kikuta,e4bde462b043d3e1,Eugene Jackson,ce783bf73b5131f9,Sanae Kikuta,Submission,1,4:38,3 Rnd (5-5-5),Middleweight Bout,"April 14, 2000","Tokyo, Japan"
b675fb8f413b59e4,Murilo Bustamante,85d905f7c4f5a1af,Yoji Anjo,e06fd1260ac865a7,Murilo Bustamante,Submission,2,0:31,3 Rnd (5-5-5),Middleweight Bout,"April 14, 2000","Tokyo, Japan"
0adfdf8f563be462,Tito Ortiz,2f732dd9210d301f,Wanderlei Silva,a1f6999fe57236e0,Tito Ortiz,Decision - Unanimous,5,5:00,5 Rnd (5-5-5-5-5),UFC Light Heavyweight Title Bout,"April 14, 2000","Tokyo, Japan"
81b0c08f7503e79a,Scott Adams,2620f3eb21c79614,Ian Freeman,b4bc2e3353a770b5,Scott Adams,Submission,1,3:09,2 Rnd (5-5),Heavyweight Bout,"March 10, 2000","Lake Charles, Louisiana, USA"
cf85523b0d442d35,Jens Pulver,44260175069b6276,David Velasquez,09c44b317c98bf96,Jens Pulver,KO/TKO,2,2:41,3 Rnd (5-5-5),Lightweight Bout,"March 10, 2000","Lake Charles, Louisiana, USA"
22911cbd32370f6c,Bob Cook,1c061eb6e29eaa0a,Tiki Ghosn,cb6783c39c01d896,Bob Cook,Submission,2,1:29,3 Rnd (5-5-5),Lightweight Bout,"March 10, 2000","Lake Charles, Louisiana, USA"
aca2f98ee112d137,Dave Menne,275cafc9de131c83,Fabiano Iha,263ebd4a669e1e98,Dave Menne,Decision - Unanimous,3,5:00,3 Rnd (5-5-5),Lightweight Bout,"March 10, 2000","Lake Charles, Louisiana, USA"
17be6e24dafd31e0,Lance Gibson,63eedfcc73071d41,Jermaine Andre,9bad58fa651d6196,Lance Gibson,KO/TKO,3,3:35,3 Rnd (5-5-5),Middleweight Bout,"March 10, 2000","Lake Charles, Louisiana, USA"
9f2b94c46b70c6fb,Tedd Williams,b63e800c18e011b5,Steve Judson,6ece1d2ab1bed31d,Tedd Williams,KO/TKO,1,3:23,3 Rnd (5-5-5),Heavyweight Bout,"March 10, 2000","Lake Charles, Louisiana, USA"
a4e592c874e8233f,Kenichi Yamamoto,9f488f520ed25bbf,Daiju Takase,4f74c8be51db8a37,Kenichi Yamamoto,Decision - Unanimous,3,5:00,3 Rnd (5-5-5),Open Weight Bout,"November 19, 1999","Chiba, Japan"
36c929fb1569d4b9,Eugene Jackson,ce783bf73b5131f9,Keiichiro Yamamiya,6014d25e73b669c9,Eugene Jackson,KO/TKO,3,3:12,3 Rnd (5-5-5),Middleweight Bout,"November 19, 1999","Chiba, Japan"
2cd6330ef18210b9,Joe Slick,80e6d71e14c1d356,Jason DeLucia,6ceff86fae4f6b3b,Joe Slick,KO/TKO,1,1:28,3 Rnd (5-5-5),Middleweight Bout,"November 19, 1999","Chiba, Japan"
9c7830c91fad60d8,Kenichi Yamamoto,9f488f520ed25bbf,Katsuhisa Fujii,d71d968dc6ecfdaf,Kenichi Yamamoto,Submission,2,4:15,3 Rnd (5-5-5),Ultimate Japan 2 Heavyweight Tournament Title Bout,"November 19, 1999","Chiba, Japan"
c22545a5881459ac,Pedro Rizzo,b44f39a5c6596953,Tsuyoshi Kohsaka,b76ed59283d3559c,Pedro Rizzo,KO/TKO,3,1:17,3 Rnd (5-5-5),Heavyweight Bout,"November 19, 1999","Chiba, Japan"
